transaction_id,product_category,product_name,brand,payment_method,customer_type,store_location,quantity,unit_price,total_sales,purchase_date,restock_date
1,beauty products,TechBlaster 1000,Thunderbolt,credit card,basic,456 Elm Avenue,50,292,14600,2/4/2026,9/1/2025
2,home decor,HyperDrive 500,Thunderbolt,credit card,premium,123 Main Street,71,457,32447,4/6/2026,6/15/2025
3,office supplies,TechMaster 3000,Acme,credit card,basic,789 Oak Lane,31,76,2356,4/12/2026,12/22/2025
4,pet supplies,SuperTech Pro 2000,Starlight,Venmo,basic,789 Oak Lane,7,324,2268,1/3/2026,6/20/2025
5,toys,GigaMaster 100,Thunderbolt,PayPal,VIP,456 Elm Avenue,31,330,10230,10/24/2025,9/19/2025
6,office supplies,HyperDrive 500,Acme,PayPal,premium,789 Oak Lane,4,333,1332,6/15/2025,4/29/2026
7,pet supplies,MegaTech Pro,Evergreen,PayPal,premium,456 Elm Avenue,80,479,38320,9/4/2025,2/22/2026
8,outdoor gear,TechBlaster 1000,Evergreen,Venmo,premium,456 Elm Avenue,96,431,41376,2/17/2026,10/19/2025
9,toys,TechMaster 3000,Silverstone,credit card,premium,789 Oak Lane,75,401,30075,12/12/2025,11/1/2025
10,clothing,UltimaTech 5000,Silverstone,credit card,premium,123 Main Street,25,55,1375,5/17/2025,10/28/2025
11,home decor,MegaDrive X10,Acme,credit card,VIP,456 Elm Avenue,82,410,33620,7/4/2025,5/2/2026
12,kitchen appliances,TechMaster 3000,Thunderbolt,PayPal,VIP,456 Elm Avenue,77,246,18942,9/18/2025,5/25/2025
13,office supplies,PowerGadget 500,Starlight,PayPal,VIP,789 Oak Lane,83,82,6806,4/7/2026,12/16/2025
14,home decor,SuperTech Pro 2000,Starlight,PayPal,premium,789 Oak Lane,12,209,2508,9/11/2025,3/16/2026
15,office supplies,MegaDrive X10,Evergreen,credit card,premium,789 Oak Lane,83,483,40089,3/17/2026,7/30/2025
16,beauty products,HyperDrive 500,Thunderbolt,PayPal,premium,456 Elm Avenue,78,6,468,10/8/2025,10/3/2025
17,beauty products,UltraGadget X,Thunderbolt,credit card,premium,456 Elm Avenue,14,252,3528,11/4/2025,3/26/2026
18,beauty products,SuperNova X,Evergreen,credit card,VIP,123 Main Street,89,338,30082,1/13/2026,8/27/2025
19,beauty products,SuperNova X,Starlight,Venmo,premium,123 Main Street,13,261,3393,12/24/2025,6/10/2025
20,outdoor gear,MegaDrive X10,Starlight,credit card,basic,789 Oak Lane,68,11,748,11/19/2025,6/4/2025
21,home decor,PowerMax Pro,Thunderbolt,credit card,premium,123 Main Street,70,354,24780,12/27/2025,7/12/2025
22,kitchen appliances,SuperTech Pro 2000,Silverstone,Venmo,premium,123 Main Street,87,22,1914,7/15/2025,12/25/2025
23,toys,MegaDrive X10,Starlight,Venmo,premium,456 Elm Avenue,69,14,966,8/20/2025,8/15/2025
24,sports equipment,MegaTech Pro,Starlight,Venmo,basic,456 Elm Avenue,76,418,31768,6/14/2025,8/14/2025
25,sports equipment,PowerTech 200,Starlight,Venmo,VIP,789 Oak Lane,71,104,7384,12/28/2025,11/17/2025
26,beauty products,SuperTech Pro 2000,Acme,Venmo,VIP,789 Oak Lane,22,53,1166,11/2/2025,11/5/2025
27,kitchen appliances,PowerMax Pro,Acme,PayPal,basic,123 Main Street,23,426,9798,11/13/2025,4/14/2026
28,toys,PowerMax Pro,Acme,PayPal,VIP,456 Elm Avenue,40,200,8000,8/12/2025,3/18/2026
29,toys,TechMaster 3000,Thunderbolt,credit card,basic,789 Oak Lane,10,425,4250,10/31/2025,10/12/2025
30,clothing,SuperTech Pro 2000,Evergreen,PayPal,premium,456 Elm Avenue,57,64,3648,1/26/2026,12/16/2025
31,electronics,PowerMax Pro,Evergreen,Venmo,VIP,789 Oak Lane,63,213,13419,12/9/2025,12/16/2025
32,toys,PowerTech 200,Acme,credit card,premium,123 Main Street,18,489,8802,7/28/2025,2/14/2026
33,home decor,SuperNova X,Silverstone,PayPal,basic,456 Elm Avenue,73,118,8614,6/25/2025,7/3/2025
34,toys,SuperTech Pro 2000,Acme,credit card,VIP,456 Elm Avenue,69,456,31464,6/29/2025,4/18/2026
35,electronics,GigaMax Pro,Evergreen,credit card,basic,456 Elm Avenue,82,417,34194,7/2/2025,2/20/2026
36,sports equipment,UltimateGizmo 3000,Thunderbolt,PayPal,basic,456 Elm Avenue,44,450,19800,9/4/2025,8/8/2025
37,clothing,UltraGadget X,Starlight,Venmo,VIP,456 Elm Avenue,32,333,10656,1/13/2026,9/2/2025
38,sports equipment,SuperTech Pro 2000,Evergreen,PayPal,VIP,123 Main Street,92,291,26772,3/11/2026,5/28/2025
39,clothing,SuperNova X,Acme,credit card,basic,456 Elm Avenue,63,44,2772,11/10/2025,2/12/2026
40,office supplies,HyperDrive 500,Acme,PayPal,basic,789 Oak Lane,49,28,1372,4/18/2026,12/5/2025
41,electronics,GigaMax Pro,Evergreen,Venmo,VIP,789 Oak Lane,12,377,4524,8/16/2025,12/30/2025
42,pet supplies,MegaDrive X10,Starlight,PayPal,VIP,456 Elm Avenue,72,6,432,10/13/2025,2/26/2026
43,electronics,TechNova Pro,Acme,credit card,VIP,456 Elm Avenue,59,223,13157,5/18/2025,5/26/2025
44,electronics,UltraGadget X,Acme,PayPal,premium,456 Elm Avenue,13,309,4017,3/9/2026,1/24/2026
45,beauty products,SuperTech Pro 2000,Silverstone,Venmo,VIP,123 Main Street,3,448,1344,10/30/2025,3/31/2026
46,outdoor gear,TechMaster 3000,Thunderbolt,credit card,VIP,456 Elm Avenue,66,197,13002,6/19/2025,3/12/2026
47,pet supplies,SuperSpeed X,Thunderbolt,Venmo,basic,789 Oak Lane,24,68,1632,1/24/2026,6/6/2025
48,sports equipment,PowerMax Pro,Starlight,Venmo,premium,456 Elm Avenue,40,296,11840,3/15/2026,9/3/2025
49,electronics,HyperDrive 500,Starlight,credit card,VIP,123 Main Street,35,371,12985,5/29/2025,8/28/2025
50,toys,PowerMax Pro,Silverstone,PayPal,VIP,789 Oak Lane,17,479,8143,9/23/2025,11/27/2025
51,toys,GigaForce 9000,Evergreen,Venmo,premium,789 Oak Lane,22,423,9306,3/30/2026,10/9/2025
52,toys,UltraForce 2000,Starlight,credit card,basic,456 Elm Avenue,57,422,24054,4/16/2026,5/13/2026
53,electronics,HyperDrive 500,Thunderbolt,PayPal,basic,123 Main Street,92,191,17572,6/14/2025,3/16/2026
54,toys,UltimateGizmo 3000,Acme,Venmo,premium,789 Oak Lane,65,92,5980,3/8/2026,7/16/2025
55,electronics,UltraForce 2000,Thunderbolt,PayPal,VIP,456 Elm Avenue,45,358,16110,1/17/2026,12/9/2025
56,home decor,TechNova Pro,Starlight,credit card,basic,123 Main Street,11,428,4708,12/9/2025,12/27/2025
57,clothing,UltraGadget X,Silverstone,Venmo,basic,456 Elm Avenue,11,330,3630,3/11/2026,8/9/2025
58,outdoor gear,UltimateGizmo 3000,Starlight,PayPal,VIP,123 Main Street,53,113,5989,4/15/2026,2/7/2026
59,clothing,SuperSpeed X,Acme,Venmo,premium,456 Elm Avenue,54,293,15822,3/15/2026,4/11/2026
60,kitchen appliances,UltimaTech 5000,Acme,PayPal,basic,789 Oak Lane,45,264,11880,12/24/2025,9/11/2025
61,pet supplies,UltraGadget X,Acme,Venmo,premium,123 Main Street,100,376,37600,8/17/2025,9/5/2025
62,kitchen appliances,MegaGizmo X10,Silverstone,credit card,basic,789 Oak Lane,81,144,11664,8/3/2025,8/12/2025
63,electronics,SuperNova X,Silverstone,credit card,basic,123 Main Street,74,212,15688,5/22/2025,8/30/2025
64,office supplies,MegaDrive X10,Starlight,PayPal,basic,456 Elm Avenue,57,178,10146,9/30/2025,1/8/2026
65,toys,TechBlaster 1000,Silverstone,Venmo,VIP,789 Oak Lane,64,237,15168,2/25/2026,11/5/2025
66,clothing,PowerMax Pro,Starlight,Venmo,premium,789 Oak Lane,1,479,479,7/10/2025,3/31/2026
67,beauty products,MegaGizmo X10,Silverstone,PayPal,VIP,789 Oak Lane,26,172,4472,5/13/2026,3/2/2026
68,kitchen appliances,PowerMax Pro,Thunderbolt,credit card,premium,456 Elm Avenue,86,498,42828,1/26/2026,3/9/2026
69,home decor,SuperSpeed X,Acme,Venmo,basic,456 Elm Avenue,62,5,310,12/29/2025,2/4/2026
70,clothing,HyperDrive 500,Starlight,credit card,premium,789 Oak Lane,57,327,18639,10/30/2025,12/7/2025
71,kitchen appliances,TechNova Pro,Acme,Venmo,premium,789 Oak Lane,25,498,12450,11/8/2025,12/6/2025
72,kitchen appliances,MegaGizmo X10,Evergreen,PayPal,basic,789 Oak Lane,9,439,3951,11/29/2025,8/25/2025
73,outdoor gear,UltraGadget X,Evergreen,PayPal,VIP,789 Oak Lane,11,203,2233,10/12/2025,12/13/2025
74,toys,SuperTech Pro 2000,Starlight,Venmo,premium,789 Oak Lane,29,278,8062,7/24/2025,10/8/2025
75,clothing,HyperDrive 500,Thunderbolt,Venmo,basic,123 Main Street,36,56,2016,6/29/2025,4/20/2026
76,beauty products,UltimateGizmo 3000,Thunderbolt,Venmo,basic,123 Main Street,38,348,13224,6/24/2025,2/13/2026
77,outdoor gear,PowerMax Pro,Acme,credit card,VIP,123 Main Street,21,358,7518,5/27/2025,9/9/2025
78,pet supplies,UltimaTech 5000,Starlight,credit card,basic,456 Elm Avenue,11,26,286,5/13/2026,2/24/2026
79,sports equipment,SuperTech Pro 2000,Silverstone,credit card,basic,456 Elm Avenue,1,405,405,12/16/2025,2/19/2026
80,beauty products,MegaGizmo X10,Silverstone,credit card,basic,789 Oak Lane,34,76,2584,12/4/2025,2/23/2026
81,toys,SuperTech Pro 2000,Silverstone,Venmo,premium,123 Main Street,15,45,675,7/14/2025,7/2/2025
82,electronics,PowerGadget 500,Evergreen,PayPal,VIP,456 Elm Avenue,95,142,13490,8/4/2025,10/10/2025
83,office supplies,TechNova Pro,Starlight,credit card,basic,456 Elm Avenue,16,104,1664,12/26/2025,5/5/2026
84,kitchen appliances,MegaGizmo X10,Thunderbolt,PayPal,VIP,789 Oak Lane,27,284,7668,7/23/2025,11/22/2025
85,sports equipment,UltimateGizmo 3000,Thunderbolt,Venmo,premium,456 Elm Avenue,80,37,2960,3/13/2026,3/31/2026
86,sports equipment,GigaMax Pro,Starlight,PayPal,VIP,456 Elm Avenue,89,185,16465,11/23/2025,3/29/2026
87,home decor,MegaGizmo X10,Thunderbolt,PayPal,premium,789 Oak Lane,41,15,615,11/14/2025,1/13/2026
88,sports equipment,UltraGadget X,Thunderbolt,PayPal,basic,456 Elm Avenue,69,135,9315,8/27/2025,7/9/2025
89,beauty products,TechBlaster 1000,Starlight,PayPal,premium,456 Elm Avenue,86,80,6880,2/23/2026,10/23/2025
90,pet supplies,TechMaster 3000,Silverstone,Venmo,basic,456 Elm Avenue,97,89,8633,11/30/2025,7/6/2025
91,toys,UltraForce 2000,Thunderbolt,PayPal,basic,123 Main Street,57,17,969,8/29/2025,8/25/2025
92,office supplies,SuperSpeed X,Thunderbolt,PayPal,VIP,456 Elm Avenue,41,338,13858,6/29/2025,5/13/2026
93,beauty products,MegaDrive X10,Silverstone,credit card,VIP,123 Main Street,1,126,126,12/18/2025,1/18/2026
94,office supplies,GigaMax Pro,Acme,Venmo,VIP,789 Oak Lane,65,288,18720,8/24/2025,8/26/2025
95,beauty products,HyperDrive 500,Evergreen,Venmo,basic,123 Main Street,7,281,1967,4/17/2026,6/9/2025
96,home decor,TechNova Pro,Silverstone,Venmo,premium,789 Oak Lane,83,84,6972,5/9/2026,8/27/2025
97,office supplies,MegaTech Pro,Thunderbolt,Venmo,premium,789 Oak Lane,69,265,18285,10/27/2025,6/22/2025
98,kitchen appliances,SuperNova X,Acme,credit card,VIP,456 Elm Avenue,15,431,6465,9/29/2025,1/12/2026
99,kitchen appliances,GigaMaster 100,Starlight,Venmo,basic,456 Elm Avenue,15,314,4710,12/14/2025,6/13/2025
100,electronics,UltimaTech 5000,Thunderbolt,Venmo,premium,789 Oak Lane,28,431,12068,2/2/2026,5/19/2025
101,toys,GigaForce 9000,Evergreen,Venmo,basic,789 Oak Lane,99,291,28809,2/19/2026,7/10/2025
102,electronics,UltimateGizmo 3000,Silverstone,credit card,VIP,123 Main Street,47,20,940,2/26/2026,2/17/2026
103,pet supplies,SuperTech Pro 2000,Evergreen,PayPal,basic,123 Main Street,63,427,26901,2/3/2026,8/31/2025
104,kitchen appliances,PowerMax Pro,Thunderbolt,Venmo,basic,456 Elm Avenue,27,135,3645,9/20/2025,8/29/2025
105,toys,SuperSpeed X,Starlight,credit card,VIP,789 Oak Lane,75,298,22350,12/23/2025,3/7/2026
106,beauty products,MegaDrive X10,Starlight,Venmo,premium,456 Elm Avenue,77,434,33418,7/10/2025,5/30/2025
107,home decor,UltimateGizmo 3000,Silverstone,Venmo,premium,123 Main Street,55,246,13530,11/20/2025,5/7/2026
108,home decor,PowerTech 200,Silverstone,Venmo,premium,456 Elm Avenue,63,107,6741,2/20/2026,12/14/2025
109,home decor,UltraForce 2000,Evergreen,credit card,VIP,789 Oak Lane,33,438,14454,2/22/2026,11/23/2025
110,beauty products,PowerMax Pro,Evergreen,PayPal,premium,456 Elm Avenue,52,168,8736,11/28/2025,7/18/2025
111,toys,HyperDrive 500,Evergreen,PayPal,premium,123 Main Street,37,29,1073,6/2/2025,5/15/2025
112,pet supplies,TechMaster 3000,Starlight,credit card,premium,123 Main Street,32,81,2592,8/12/2025,8/24/2025
113,toys,PowerMax Pro,Evergreen,Venmo,VIP,789 Oak Lane,45,139,6255,7/27/2025,12/19/2025
114,pet supplies,PowerTech 200,Thunderbolt,credit card,premium,123 Main Street,91,241,21931,12/4/2025,11/12/2025
115,beauty products,UltraGadget X,Silverstone,credit card,premium,123 Main Street,92,321,29532,8/2/2025,4/30/2026
116,home decor,UltraGadget X,Silverstone,PayPal,VIP,789 Oak Lane,73,398,29054,5/22/2025,5/13/2026
117,kitchen appliances,UltimateGizmo 3000,Acme,credit card,premium,123 Main Street,29,292,8468,1/7/2026,12/13/2025
118,electronics,SuperNova X,Silverstone,PayPal,VIP,123 Main Street,51,100,5100,8/28/2025,7/3/2025
119,home decor,UltimateGizmo 3000,Thunderbolt,PayPal,premium,123 Main Street,30,113,3390,7/15/2025,9/12/2025
120,beauty products,UltraGadget X,Silverstone,Venmo,VIP,123 Main Street,30,414,12420,5/26/2025,5/11/2026
121,electronics,TechBlaster 1000,Silverstone,PayPal,premium,456 Elm Avenue,30,393,11790,11/9/2025,6/19/2025
122,toys,TechNova Pro,Silverstone,credit card,VIP,789 Oak Lane,93,157,14601,11/3/2025,7/23/2025
123,kitchen appliances,UltraForce 2000,Evergreen,Venmo,VIP,789 Oak Lane,89,321,28569,2/12/2026,6/29/2025
124,toys,PowerTech 200,Evergreen,Venmo,basic,789 Oak Lane,69,158,10902,10/23/2025,12/22/2025
125,clothing,SuperSpeed X,Acme,credit card,basic,789 Oak Lane,6,273,1638,11/27/2025,12/18/2025
126,toys,UltimateGizmo 3000,Thunderbolt,credit card,basic,123 Main Street,92,464,42688,5/28/2025,3/22/2026
127,home decor,GigaForce 9000,Silverstone,PayPal,VIP,456 Elm Avenue,4,210,840,1/12/2026,1/2/2026
128,toys,MegaTech Pro,Starlight,PayPal,premium,456 Elm Avenue,8,496,3968,1/10/2026,11/20/2025
129,office supplies,UltraForce 2000,Evergreen,PayPal,basic,789 Oak Lane,73,108,7884,1/30/2026,6/28/2025
130,outdoor gear,UltimaTech 5000,Thunderbolt,PayPal,premium,456 Elm Avenue,15,77,1155,1/17/2026,11/7/2025
131,home decor,UltraGadget X,Evergreen,PayPal,VIP,456 Elm Avenue,11,133,1463,4/5/2026,9/4/2025
132,electronics,GigaForce 9000,Acme,PayPal,premium,456 Elm Avenue,80,218,17440,10/30/2025,7/14/2025
133,outdoor gear,MegaGizmo X10,Silverstone,credit card,premium,456 Elm Avenue,66,235,15510,11/8/2025,5/25/2025
134,office supplies,GigaMax Pro,Starlight,credit card,premium,456 Elm Avenue,44,218,9592,1/3/2026,2/4/2026
135,sports equipment,GigaMax Pro,Acme,credit card,VIP,456 Elm Avenue,5,243,1215,3/16/2026,6/19/2025
136,beauty products,MegaGizmo X10,Silverstone,PayPal,VIP,456 Elm Avenue,41,136,5576,10/18/2025,3/7/2026
137,toys,UltimaTech 5000,Evergreen,credit card,premium,123 Main Street,62,499,30938,9/9/2025,1/6/2026
138,electronics,GigaMaster 100,Evergreen,Venmo,VIP,123 Main Street,72,339,24408,10/11/2025,12/8/2025
139,office supplies,TechBlaster 1000,Starlight,credit card,basic,123 Main Street,100,425,42500,10/13/2025,9/15/2025
140,electronics,PowerMax Pro,Starlight,credit card,VIP,123 Main Street,65,139,9035,12/27/2025,7/4/2025
141,kitchen appliances,MegaGizmo X10,Acme,PayPal,VIP,789 Oak Lane,38,80,3040,12/23/2025,1/11/2026
142,electronics,GigaForce 9000,Evergreen,PayPal,basic,123 Main Street,86,164,14104,1/11/2026,12/9/2025
143,sports equipment,SuperSpeed X,Evergreen,credit card,VIP,123 Main Street,71,292,20732,10/3/2025,1/23/2026
144,kitchen appliances,UltimaTech 5000,Silverstone,credit card,premium,123 Main Street,61,324,19764,1/3/2026,6/24/2025
145,outdoor gear,GigaMaster 100,Thunderbolt,PayPal,VIP,789 Oak Lane,87,231,20097,5/16/2025,1/18/2026
146,home decor,MegaTech Pro,Evergreen,PayPal,VIP,123 Main Street,78,185,14430,5/4/2026,6/2/2025
147,beauty products,MegaGizmo X10,Acme,PayPal,premium,456 Elm Avenue,86,106,9116,8/31/2025,2/5/2026
148,electronics,SuperSpeed X,Thunderbolt,credit card,VIP,123 Main Street,86,94,8084,4/22/2026,3/8/2026
149,pet supplies,PowerMax Pro,Evergreen,PayPal,basic,789 Oak Lane,6,231,1386,12/22/2025,7/23/2025
150,home decor,TechMaster 3000,Acme,Venmo,VIP,789 Oak Lane,60,59,3540,11/23/2025,9/24/2025
151,office supplies,HyperDrive 500,Thunderbolt,PayPal,premium,123 Main Street,2,79,158,10/26/2025,1/8/2026
152,outdoor gear,UltimaTech 5000,Silverstone,Venmo,basic,123 Main Street,14,426,5964,6/13/2025,8/13/2025
153,electronics,MegaGizmo X10,Thunderbolt,PayPal,premium,456 Elm Avenue,93,340,31620,9/5/2025,5/26/2025
154,electronics,UltimaTech 5000,Starlight,PayPal,premium,123 Main Street,64,268,17152,6/15/2025,7/23/2025
155,toys,GigaMax Pro,Evergreen,credit card,VIP,456 Elm Avenue,9,433,3897,6/27/2025,7/12/2025
156,outdoor gear,TechMaster 3000,Evergreen,PayPal,VIP,456 Elm Avenue,94,243,22842,5/28/2025,7/6/2025
157,office supplies,GigaMax Pro,Silverstone,Venmo,premium,456 Elm Avenue,40,151,6040,3/25/2026,8/28/2025
158,pet supplies,HyperDrive 500,Silverstone,Venmo,VIP,123 Main Street,94,9,846,9/8/2025,4/28/2026
159,beauty products,SuperSpeed X,Acme,credit card,VIP,123 Main Street,80,236,18880,1/19/2026,5/10/2026
160,kitchen appliances,UltimaTech 5000,Starlight,PayPal,premium,456 Elm Avenue,20,10,200,8/9/2025,7/1/2025
161,pet supplies,MegaGizmo X10,Thunderbolt,credit card,basic,123 Main Street,38,488,18544,1/6/2026,10/17/2025
162,pet supplies,UltraForce 2000,Silverstone,Venmo,VIP,456 Elm Avenue,82,152,12464,9/21/2025,9/18/2025
163,beauty products,UltimaTech 5000,Evergreen,PayPal,basic,123 Main Street,9,417,3753,9/4/2025,9/16/2025
164,clothing,HyperDrive 500,Evergreen,PayPal,basic,789 Oak Lane,11,218,2398,6/24/2025,4/25/2026
165,clothing,GigaForce 9000,Thunderbolt,Venmo,basic,123 Main Street,49,89,4361,9/3/2025,5/10/2026
166,clothing,MegaGizmo X10,Evergreen,Venmo,VIP,789 Oak Lane,38,382,14516,5/12/2026,5/19/2025
167,pet supplies,HyperDrive 500,Evergreen,credit card,basic,456 Elm Avenue,43,222,9546,3/31/2026,5/26/2025
168,toys,UltraGadget X,Thunderbolt,PayPal,premium,123 Main Street,31,400,12400,6/1/2025,7/3/2025
169,clothing,MegaDrive X10,Silverstone,Venmo,VIP,456 Elm Avenue,15,75,1125,10/2/2025,11/20/2025
170,clothing,GigaForce 9000,Thunderbolt,credit card,VIP,123 Main Street,11,319,3509,7/23/2025,2/25/2026
171,beauty products,UltimateGizmo 3000,Evergreen,Venmo,premium,456 Elm Avenue,30,185,5550,1/31/2026,3/16/2026
172,clothing,GigaMax Pro,Thunderbolt,credit card,VIP,789 Oak Lane,54,399,21546,6/1/2025,11/8/2025
173,outdoor gear,MegaGizmo X10,Silverstone,Venmo,VIP,456 Elm Avenue,89,199,17711,5/26/2025,10/5/2025
174,beauty products,MegaDrive X10,Thunderbolt,Venmo,VIP,123 Main Street,99,334,33066,6/29/2025,6/25/2025
175,home decor,MegaGizmo X10,Evergreen,Venmo,VIP,456 Elm Avenue,84,176,14784,9/14/2025,4/3/2026
176,toys,MegaDrive X10,Thunderbolt,Venmo,basic,123 Main Street,35,442,15470,12/28/2025,5/29/2025
177,electronics,UltimateGizmo 3000,Evergreen,Venmo,VIP,456 Elm Avenue,32,482,15424,2/27/2026,12/28/2025
178,kitchen appliances,SuperSpeed X,Starlight,credit card,basic,789 Oak Lane,62,77,4774,6/16/2025,11/28/2025
179,electronics,TechBlaster 1000,Thunderbolt,Venmo,VIP,789 Oak Lane,80,184,14720,7/21/2025,7/19/2025
180,toys,UltraGadget X,Thunderbolt,credit card,basic,789 Oak Lane,30,193,5790,6/6/2025,4/18/2026
181,toys,GigaMax Pro,Acme,credit card,VIP,789 Oak Lane,24,208,4992,5/10/2026,2/11/2026
182,sports equipment,GigaMaster 100,Starlight,Venmo,basic,789 Oak Lane,78,92,7176,12/22/2025,11/26/2025
183,home decor,SuperTech Pro 2000,Acme,Venmo,VIP,123 Main Street,97,220,21340,5/1/2026,1/5/2026
184,outdoor gear,PowerGadget 500,Thunderbolt,PayPal,VIP,123 Main Street,55,257,14135,8/28/2025,1/19/2026
185,pet supplies,GigaForce 9000,Evergreen,credit card,basic,789 Oak Lane,9,84,756,6/5/2025,3/5/2026
186,clothing,HyperDrive 500,Thunderbolt,PayPal,basic,789 Oak Lane,27,314,8478,11/20/2025,1/8/2026
187,office supplies,GigaMaster 100,Evergreen,Venmo,premium,123 Main Street,52,307,15964,1/11/2026,1/23/2026
188,outdoor gear,HyperDrive 500,Silverstone,credit card,premium,789 Oak Lane,53,81,4293,8/9/2025,7/26/2025
189,kitchen appliances,TechBlaster 1000,Acme,PayPal,basic,789 Oak Lane,89,399,35511,10/19/2025,8/28/2025
190,sports equipment,TechNova Pro,Silverstone,Venmo,VIP,123 Main Street,24,41,984,4/23/2026,9/1/2025
191,toys,UltraGadget X,Acme,credit card,basic,123 Main Street,90,251,22590,8/31/2025,7/3/2025
192,office supplies,GigaForce 9000,Thunderbolt,credit card,VIP,123 Main Street,63,446,28098,11/2/2025,4/19/2026
193,office supplies,TechNova Pro,Evergreen,PayPal,premium,456 Elm Avenue,21,256,5376,10/7/2025,4/3/2026
194,outdoor gear,GigaMaster 100,Thunderbolt,credit card,premium,789 Oak Lane,53,220,11660,6/22/2025,4/9/2026
195,pet supplies,HyperDrive 500,Thunderbolt,PayPal,basic,123 Main Street,66,316,20856,11/23/2025,6/10/2025
196,pet supplies,TechBlaster 1000,Acme,credit card,premium,789 Oak Lane,43,258,11094,8/19/2025,5/11/2026
197,office supplies,HyperDrive 500,Acme,credit card,VIP,789 Oak Lane,44,196,8624,9/24/2025,3/6/2026
198,home decor,HyperDrive 500,Thunderbolt,Venmo,VIP,456 Elm Avenue,60,308,18480,6/17/2025,9/8/2025
199,sports equipment,SuperTech Pro 2000,Acme,Venmo,basic,789 Oak Lane,87,455,39585,6/1/2025,10/6/2025
200,toys,UltimaTech 5000,Evergreen,PayPal,VIP,456 Elm Avenue,58,195,11310,1/29/2026,10/31/2025
201,kitchen appliances,GigaMax Pro,Acme,PayPal,VIP,123 Main Street,81,239,19359,4/25/2026,1/7/2026
202,home decor,TechNova Pro,Starlight,credit card,basic,789 Oak Lane,42,170,7140,11/14/2025,12/21/2025
203,outdoor gear,MegaTech Pro,Silverstone,PayPal,basic,456 Elm Avenue,75,298,22350,6/13/2025,8/6/2025
204,outdoor gear,TechMaster 3000,Acme,credit card,premium,123 Main Street,82,31,2542,12/1/2025,8/21/2025
205,kitchen appliances,UltimateGizmo 3000,Starlight,PayPal,basic,789 Oak Lane,56,310,17360,7/3/2025,9/9/2025
206,clothing,TechMaster 3000,Acme,credit card,basic,456 Elm Avenue,17,242,4114,12/20/2025,10/25/2025
207,office supplies,PowerMax Pro,Starlight,PayPal,premium,789 Oak Lane,61,286,17446,4/22/2026,2/15/2026
208,kitchen appliances,SuperTech Pro 2000,Thunderbolt,Venmo,premium,789 Oak Lane,81,20,1620,3/5/2026,7/8/2025
209,clothing,SuperSpeed X,Acme,PayPal,VIP,123 Main Street,77,23,1771,12/28/2025,6/2/2025
210,electronics,SuperTech Pro 2000,Thunderbolt,Venmo,premium,123 Main Street,23,325,7475,6/20/2025,9/6/2025
211,toys,UltraGadget X,Thunderbolt,PayPal,basic,789 Oak Lane,99,352,34848,6/14/2025,1/7/2026
212,outdoor gear,UltraGadget X,Acme,PayPal,premium,123 Main Street,69,391,26979,12/18/2025,1/11/2026
213,electronics,UltraGadget X,Thunderbolt,PayPal,VIP,456 Elm Avenue,48,441,21168,11/2/2025,6/9/2025
214,electronics,UltraForce 2000,Acme,credit card,premium,123 Main Street,98,331,32438,8/12/2025,9/21/2025
215,clothing,GigaMax Pro,Thunderbolt,credit card,basic,456 Elm Avenue,14,345,4830,1/25/2026,3/23/2026
216,kitchen appliances,MegaTech Pro,Thunderbolt,PayPal,premium,123 Main Street,7,326,2282,11/26/2025,2/11/2026
217,sports equipment,UltraGadget X,Thunderbolt,credit card,basic,456 Elm Avenue,49,317,15533,4/11/2026,5/8/2026
218,outdoor gear,GigaMaster 100,Silverstone,PayPal,VIP,789 Oak Lane,59,186,10974,5/21/2025,12/31/2025
219,toys,GigaForce 9000,Evergreen,Venmo,premium,123 Main Street,55,253,13915,6/20/2025,9/28/2025
220,kitchen appliances,MegaTech Pro,Starlight,Venmo,VIP,456 Elm Avenue,27,174,4698,6/2/2025,12/7/2025
221,toys,UltraForce 2000,Silverstone,PayPal,VIP,789 Oak Lane,93,355,33015,9/16/2025,8/23/2025
222,home decor,MegaDrive X10,Thunderbolt,PayPal,premium,789 Oak Lane,46,147,6762,6/4/2025,12/21/2025
223,toys,HyperDrive 500,Silverstone,Venmo,basic,789 Oak Lane,36,476,17136,1/7/2026,2/13/2026
224,kitchen appliances,MegaDrive X10,Silverstone,Venmo,basic,123 Main Street,54,199,10746,5/25/2025,10/17/2025
225,clothing,SuperTech Pro 2000,Thunderbolt,Venmo,premium,456 Elm Avenue,32,241,7712,8/8/2025,8/16/2025
226,outdoor gear,UltraForce 2000,Acme,PayPal,basic,456 Elm Avenue,84,218,18312,4/23/2026,10/16/2025
227,kitchen appliances,TechNova Pro,Acme,Venmo,VIP,123 Main Street,22,298,6556,12/28/2025,7/28/2025
228,home decor,TechNova Pro,Starlight,Venmo,basic,456 Elm Avenue,31,358,11098,11/10/2025,12/16/2025
229,electronics,GigaMaster 100,Starlight,Venmo,VIP,123 Main Street,72,189,13608,3/29/2026,1/26/2026
230,clothing,HyperDrive 500,Thunderbolt,credit card,basic,123 Main Street,6,337,2022,8/25/2025,1/14/2026
231,toys,MegaDrive X10,Evergreen,PayPal,premium,789 Oak Lane,28,441,12348,4/7/2026,11/30/2025
232,toys,PowerMax Pro,Acme,PayPal,VIP,456 Elm Avenue,47,218,10246,12/7/2025,5/16/2025
233,kitchen appliances,GigaMax Pro,Starlight,Venmo,premium,456 Elm Avenue,4,487,1948,11/4/2025,8/21/2025
234,clothing,PowerTech 200,Acme,PayPal,basic,789 Oak Lane,18,77,1386,7/16/2025,12/6/2025
235,sports equipment,SuperSpeed X,Starlight,PayPal,premium,123 Main Street,30,326,9780,4/19/2026,10/16/2025
236,clothing,MegaTech Pro,Silverstone,credit card,VIP,456 Elm Avenue,31,450,13950,12/2/2025,7/14/2025
237,outdoor gear,SuperTech Pro 2000,Evergreen,Venmo,premium,123 Main Street,65,416,27040,6/6/2025,12/27/2025
238,home decor,SuperNova X,Evergreen,PayPal,VIP,456 Elm Avenue,81,206,16686,9/30/2025,11/16/2025
239,sports equipment,UltimateGizmo 3000,Evergreen,PayPal,basic,123 Main Street,66,276,18216,11/2/2025,12/18/2025
240,sports equipment,TechNova Pro,Silverstone,credit card,basic,123 Main Street,88,449,39512,6/25/2025,11/10/2025
241,clothing,PowerGadget 500,Evergreen,Venmo,basic,456 Elm Avenue,81,168,13608,7/31/2025,6/18/2025
242,clothing,HyperDrive 500,Thunderbolt,Venmo,VIP,789 Oak Lane,6,267,1602,9/5/2025,2/26/2026
243,beauty products,SuperSpeed X,Starlight,PayPal,premium,456 Elm Avenue,46,353,16238,4/25/2026,3/29/2026
244,sports equipment,TechMaster 3000,Evergreen,credit card,VIP,789 Oak Lane,62,307,19034,9/19/2025,7/9/2025
245,home decor,MegaTech Pro,Acme,credit card,premium,456 Elm Avenue,46,212,9752,8/12/2025,1/1/2026
246,toys,GigaMaster 100,Thunderbolt,PayPal,basic,456 Elm Avenue,88,257,22616,10/13/2025,11/24/2025
247,electronics,SuperTech Pro 2000,Silverstone,credit card,basic,123 Main Street,44,388,17072,9/17/2025,1/25/2026
248,electronics,SuperNova X,Evergreen,credit card,VIP,456 Elm Avenue,49,417,20433,2/1/2026,4/8/2026
249,home decor,SuperTech Pro 2000,Evergreen,PayPal,VIP,789 Oak Lane,83,250,20750,7/8/2025,11/14/2025
250,sports equipment,PowerTech 200,Starlight,Venmo,basic,123 Main Street,18,448,8064,1/29/2026,7/25/2025
251,beauty products,UltraForce 2000,Evergreen,credit card,basic,456 Elm Avenue,85,409,34765,6/15/2025,7/30/2025
252,pet supplies,MegaDrive X10,Acme,Venmo,premium,123 Main Street,31,477,14787,5/2/2026,12/12/2025
253,pet supplies,GigaMaster 100,Thunderbolt,PayPal,basic,456 Elm Avenue,42,261,10962,5/13/2026,10/2/2025
254,kitchen appliances,PowerMax Pro,Silverstone,Venmo,premium,789 Oak Lane,2,381,762,4/16/2026,3/1/2026
255,beauty products,TechBlaster 1000,Acme,PayPal,premium,123 Main Street,77,285,21945,7/25/2025,1/4/2026
256,sports equipment,PowerGadget 500,Silverstone,credit card,basic,789 Oak Lane,52,137,7124,7/31/2025,3/22/2026
257,outdoor gear,GigaMaster 100,Evergreen,Venmo,basic,456 Elm Avenue,53,62,3286,5/18/2025,2/8/2026
258,office supplies,UltimateGizmo 3000,Silverstone,Venmo,VIP,123 Main Street,50,371,18550,8/27/2025,11/3/2025
259,electronics,GigaForce 9000,Evergreen,Venmo,VIP,789 Oak Lane,88,135,11880,2/28/2026,5/10/2026
260,toys,TechBlaster 1000,Acme,Venmo,VIP,789 Oak Lane,49,180,8820,3/4/2026,3/28/2026
261,home decor,UltraForce 2000,Evergreen,PayPal,VIP,123 Main Street,50,219,10950,11/22/2025,5/26/2025
262,clothing,PowerGadget 500,Acme,Venmo,basic,123 Main Street,45,93,4185,6/22/2025,9/3/2025
263,beauty products,PowerTech 200,Silverstone,PayPal,VIP,789 Oak Lane,6,389,2334,1/15/2026,3/9/2026
264,office supplies,TechMaster 3000,Evergreen,Venmo,premium,456 Elm Avenue,65,450,29250,4/5/2026,7/16/2025
265,beauty products,HyperDrive 500,Thunderbolt,credit card,VIP,789 Oak Lane,27,462,12474,11/3/2025,11/7/2025
266,office supplies,SuperSpeed X,Starlight,PayPal,VIP,789 Oak Lane,61,375,22875,4/25/2026,9/20/2025
267,kitchen appliances,MegaDrive X10,Silverstone,PayPal,premium,456 Elm Avenue,97,84,8148,11/14/2025,2/26/2026
268,pet supplies,UltraForce 2000,Silverstone,credit card,premium,123 Main Street,22,65,1430,12/10/2025,9/10/2025
269,kitchen appliances,PowerTech 200,Evergreen,credit card,basic,456 Elm Avenue,41,154,6314,10/26/2025,12/1/2025
270,office supplies,MegaDrive X10,Evergreen,PayPal,VIP,789 Oak Lane,83,385,31955,10/30/2025,7/23/2025
271,sports equipment,MegaTech Pro,Acme,PayPal,VIP,123 Main Street,1,124,124,1/2/2026,4/5/2026
272,electronics,SuperSpeed X,Thunderbolt,credit card,VIP,456 Elm Avenue,62,253,15686,6/12/2025,9/25/2025
273,office supplies,PowerMax Pro,Acme,credit card,basic,789 Oak Lane,9,455,4095,6/24/2025,11/21/2025
274,beauty products,GigaMaster 100,Thunderbolt,PayPal,basic,789 Oak Lane,10,274,2740,9/15/2025,5/22/2025
275,pet supplies,MegaDrive X10,Thunderbolt,PayPal,VIP,123 Main Street,91,312,28392,2/4/2026,4/30/2026
276,toys,GigaMaster 100,Acme,credit card,basic,123 Main Street,33,236,7788,10/12/2025,12/2/2025
277,home decor,UltimaTech 5000,Silverstone,PayPal,premium,456 Elm Avenue,52,295,15340,7/27/2025,3/23/2026
278,pet supplies,HyperDrive 500,Silverstone,PayPal,basic,123 Main Street,73,224,16352,4/12/2026,12/5/2025
279,kitchen appliances,HyperDrive 500,Acme,PayPal,premium,123 Main Street,63,378,23814,6/14/2025,7/31/2025
280,kitchen appliances,PowerGadget 500,Silverstone,credit card,basic,456 Elm Avenue,56,84,4704,1/25/2026,11/23/2025
281,kitchen appliances,TechNova Pro,Evergreen,PayPal,premium,456 Elm Avenue,64,195,12480,11/25/2025,7/12/2025
282,sports equipment,GigaMax Pro,Starlight,PayPal,VIP,789 Oak Lane,12,467,5604,8/31/2025,5/20/2025
283,sports equipment,MegaTech Pro,Thunderbolt,credit card,VIP,123 Main Street,65,291,18915,7/4/2025,9/8/2025
284,home decor,GigaForce 9000,Starlight,credit card,VIP,789 Oak Lane,42,441,18522,9/20/2025,7/20/2025
285,kitchen appliances,UltimaTech 5000,Starlight,PayPal,premium,123 Main Street,98,283,27734,6/3/2025,6/15/2025
286,electronics,GigaMaster 100,Acme,Venmo,basic,789 Oak Lane,11,243,2673,6/16/2025,5/8/2026
287,office supplies,PowerMax Pro,Acme,credit card,basic,456 Elm Avenue,34,470,15980,8/10/2025,3/27/2026
288,toys,GigaMax Pro,Silverstone,Venmo,basic,456 Elm Avenue,14,448,6272,6/4/2025,7/21/2025
289,electronics,SuperSpeed X,Acme,credit card,basic,123 Main Street,56,107,5992,6/17/2025,12/3/2025
290,sports equipment,PowerMax Pro,Starlight,PayPal,VIP,789 Oak Lane,69,34,2346,8/16/2025,11/19/2025
291,sports equipment,MegaGizmo X10,Thunderbolt,Venmo,VIP,789 Oak Lane,15,223,3345,10/4/2025,6/26/2025
292,home decor,GigaForce 9000,Acme,PayPal,basic,456 Elm Avenue,39,72,2808,4/13/2026,2/15/2026
293,clothing,GigaMaster 100,Starlight,Venmo,basic,789 Oak Lane,46,41,1886,10/11/2025,8/21/2025
294,toys,TechBlaster 1000,Thunderbolt,PayPal,VIP,456 Elm Avenue,89,277,24653,1/21/2026,10/16/2025
295,sports equipment,PowerMax Pro,Evergreen,Venmo,VIP,123 Main Street,93,107,9951,11/7/2025,1/31/2026
296,electronics,UltraGadget X,Evergreen,credit card,premium,789 Oak Lane,30,316,9480,4/2/2026,1/16/2026
297,sports equipment,PowerGadget 500,Thunderbolt,Venmo,premium,123 Main Street,58,251,14558,6/12/2025,2/26/2026
298,electronics,MegaDrive X10,Silverstone,credit card,basic,789 Oak Lane,68,194,13192,2/7/2026,9/7/2025
299,electronics,SuperTech Pro 2000,Thunderbolt,Venmo,premium,456 Elm Avenue,33,328,10824,9/16/2025,1/5/2026
300,pet supplies,MegaTech Pro,Thunderbolt,PayPal,basic,789 Oak Lane,71,128,9088,11/25/2025,1/26/2026
301,kitchen appliances,SuperSpeed X,Thunderbolt,PayPal,basic,123 Main Street,71,241,17111,1/8/2026,3/3/2026
302,electronics,GigaMaster 100,Starlight,credit card,basic,789 Oak Lane,3,335,1005,12/30/2025,10/20/2025
303,kitchen appliances,MegaTech Pro,Thunderbolt,Venmo,basic,789 Oak Lane,51,202,10302,8/9/2025,9/23/2025
304,kitchen appliances,UltraForce 2000,Starlight,PayPal,basic,789 Oak Lane,37,414,15318,12/12/2025,8/2/2025
305,clothing,PowerTech 200,Silverstone,credit card,basic,123 Main Street,90,96,8640,9/4/2025,2/6/2026
306,outdoor gear,PowerGadget 500,Starlight,credit card,premium,123 Main Street,26,329,8554,7/28/2025,11/12/2025
307,sports equipment,SuperTech Pro 2000,Starlight,credit card,premium,456 Elm Avenue,18,14,252,3/20/2026,1/24/2026
308,sports equipment,TechNova Pro,Evergreen,Venmo,basic,789 Oak Lane,63,482,30366,4/14/2026,10/18/2025
309,electronics,SuperSpeed X,Thunderbolt,credit card,VIP,123 Main Street,56,122,6832,3/28/2026,11/11/2025
310,sports equipment,TechMaster 3000,Acme,PayPal,premium,789 Oak Lane,70,17,1190,1/29/2026,4/27/2026
311,pet supplies,PowerGadget 500,Starlight,PayPal,basic,456 Elm Avenue,87,310,26970,12/31/2025,9/23/2025
312,electronics,GigaForce 9000,Starlight,PayPal,VIP,123 Main Street,57,361,20577,7/31/2025,6/27/2025
313,pet supplies,UltimateGizmo 3000,Evergreen,PayPal,basic,123 Main Street,49,254,12446,1/8/2026,3/6/2026
314,clothing,UltimaTech 5000,Silverstone,credit card,basic,789 Oak Lane,69,428,29532,7/12/2025,10/5/2025
315,sports equipment,TechNova Pro,Acme,Venmo,VIP,123 Main Street,72,320,23040,4/29/2026,4/28/2026
316,electronics,PowerGadget 500,Evergreen,PayPal,VIP,123 Main Street,77,355,27335,7/30/2025,4/19/2026
317,beauty products,GigaMaster 100,Thunderbolt,PayPal,VIP,789 Oak Lane,28,37,1036,9/29/2025,3/1/2026
318,clothing,GigaForce 9000,Thunderbolt,Venmo,VIP,789 Oak Lane,26,139,3614,4/26/2026,6/20/2025
319,beauty products,TechBlaster 1000,Acme,PayPal,VIP,789 Oak Lane,35,89,3115,2/15/2026,12/23/2025
320,office supplies,SuperNova X,Starlight,Venmo,basic,789 Oak Lane,33,445,14685,7/23/2025,8/2/2025
321,pet supplies,UltraGadget X,Starlight,credit card,basic,456 Elm Avenue,82,447,36654,2/28/2026,8/4/2025
322,kitchen appliances,UltraGadget X,Silverstone,Venmo,basic,789 Oak Lane,77,356,27412,11/10/2025,12/28/2025
323,pet supplies,TechBlaster 1000,Silverstone,credit card,basic,456 Elm Avenue,47,447,21009,12/24/2025,7/25/2025
324,beauty products,PowerTech 200,Thunderbolt,credit card,basic,456 Elm Avenue,53,112,5936,11/21/2025,4/11/2026
325,home decor,GigaForce 9000,Starlight,PayPal,premium,789 Oak Lane,50,394,19700,9/24/2025,7/10/2025
326,toys,SuperTech Pro 2000,Silverstone,PayPal,premium,789 Oak Lane,62,104,6448,4/11/2026,7/3/2025
327,electronics,GigaForce 9000,Evergreen,PayPal,basic,789 Oak Lane,65,212,13780,4/11/2026,3/25/2026
328,home decor,UltraGadget X,Evergreen,PayPal,VIP,789 Oak Lane,85,336,28560,9/30/2025,11/3/2025
329,sports equipment,MegaTech Pro,Evergreen,credit card,basic,789 Oak Lane,57,196,11172,7/16/2025,2/4/2026
330,pet supplies,PowerTech 200,Acme,PayPal,basic,123 Main Street,68,477,32436,2/27/2026,9/9/2025
331,home decor,TechNova Pro,Starlight,Venmo,VIP,456 Elm Avenue,51,494,25194,8/14/2025,1/25/2026
332,toys,SuperNova X,Silverstone,credit card,VIP,456 Elm Avenue,26,46,1196,7/18/2025,8/15/2025
333,kitchen appliances,UltraForce 2000,Evergreen,Venmo,VIP,456 Elm Avenue,81,7,567,8/27/2025,2/13/2026
334,toys,UltraGadget X,Evergreen,Venmo,basic,789 Oak Lane,78,385,30030,7/16/2025,4/28/2026
335,outdoor gear,PowerTech 200,Evergreen,PayPal,basic,123 Main Street,41,462,18942,3/20/2026,8/3/2025
336,sports equipment,TechBlaster 1000,Evergreen,credit card,VIP,789 Oak Lane,90,293,26370,6/22/2025,5/29/2025
337,outdoor gear,UltraForce 2000,Acme,Venmo,VIP,123 Main Street,48,284,13632,4/10/2026,11/17/2025
338,pet supplies,UltimateGizmo 3000,Starlight,PayPal,basic,789 Oak Lane,37,216,7992,8/21/2025,8/1/2025
339,toys,MegaGizmo X10,Evergreen,PayPal,VIP,123 Main Street,11,409,4499,2/16/2026,5/5/2026
340,beauty products,SuperNova X,Evergreen,Venmo,premium,456 Elm Avenue,45,414,18630,6/22/2025,6/16/2025
341,outdoor gear,PowerTech 200,Thunderbolt,credit card,VIP,789 Oak Lane,22,265,5830,1/20/2026,10/18/2025
342,kitchen appliances,SuperNova X,Thunderbolt,PayPal,premium,123 Main Street,15,213,3195,1/12/2026,5/18/2025
343,sports equipment,TechMaster 3000,Acme,PayPal,VIP,123 Main Street,77,371,28567,4/2/2026,12/10/2025
344,pet supplies,SuperTech Pro 2000,Silverstone,Venmo,VIP,789 Oak Lane,86,35,3010,9/2/2025,2/1/2026
345,outdoor gear,MegaTech Pro,Thunderbolt,PayPal,VIP,456 Elm Avenue,19,444,8436,4/3/2026,10/17/2025
346,beauty products,SuperSpeed X,Silverstone,PayPal,VIP,123 Main Street,34,143,4862,5/20/2025,10/9/2025
347,office supplies,MegaTech Pro,Silverstone,Venmo,basic,123 Main Street,25,422,10550,7/8/2025,4/25/2026
348,pet supplies,SuperTech Pro 2000,Acme,Venmo,VIP,789 Oak Lane,17,294,4998,3/15/2026,10/6/2025
349,beauty products,MegaTech Pro,Acme,credit card,premium,456 Elm Avenue,88,290,25520,3/11/2026,1/8/2026
350,pet supplies,GigaForce 9000,Silverstone,PayPal,premium,456 Elm Avenue,41,414,16974,5/5/2026,2/9/2026
351,kitchen appliances,MegaDrive X10,Starlight,Venmo,basic,123 Main Street,84,5,420,12/26/2025,4/3/2026
352,sports equipment,TechBlaster 1000,Acme,credit card,VIP,789 Oak Lane,15,443,6645,4/17/2026,7/24/2025
353,home decor,HyperDrive 500,Thunderbolt,credit card,premium,456 Elm Avenue,84,244,20496,6/24/2025,7/8/2025
354,office supplies,PowerGadget 500,Acme,Venmo,basic,789 Oak Lane,3,437,1311,7/16/2025,3/28/2026
355,toys,PowerTech 200,Thunderbolt,Venmo,premium,789 Oak Lane,19,133,2527,7/18/2025,8/28/2025
356,pet supplies,TechNova Pro,Evergreen,credit card,basic,123 Main Street,41,300,12300,10/20/2025,5/21/2025
357,home decor,UltraForce 2000,Evergreen,PayPal,VIP,456 Elm Avenue,92,140,12880,6/13/2025,4/14/2026
358,pet supplies,TechMaster 3000,Acme,PayPal,VIP,123 Main Street,77,94,7238,7/28/2025,5/8/2026
359,outdoor gear,UltimateGizmo 3000,Thunderbolt,credit card,premium,456 Elm Avenue,97,285,27645,6/21/2025,1/4/2026
360,toys,TechNova Pro,Thunderbolt,Venmo,VIP,123 Main Street,40,101,4040,10/27/2025,9/18/2025
361,office supplies,UltraGadget X,Evergreen,PayPal,VIP,123 Main Street,73,146,10658,2/15/2026,11/9/2025
362,kitchen appliances,UltraForce 2000,Evergreen,Venmo,VIP,789 Oak Lane,76,52,3952,1/2/2026,2/11/2026
363,electronics,PowerMax Pro,Acme,PayPal,basic,123 Main Street,77,312,24024,2/11/2026,8/21/2025
364,electronics,GigaForce 9000,Silverstone,credit card,VIP,123 Main Street,13,145,1885,10/24/2025,1/30/2026
365,pet supplies,GigaMaster 100,Silverstone,PayPal,VIP,789 Oak Lane,78,457,35646,1/4/2026,6/13/2025
366,home decor,MegaGizmo X10,Starlight,Venmo,basic,789 Oak Lane,47,40,1880,1/15/2026,2/18/2026
367,outdoor gear,HyperDrive 500,Acme,Venmo,premium,456 Elm Avenue,86,114,9804,5/7/2026,10/12/2025
368,sports equipment,SuperSpeed X,Evergreen,PayPal,basic,123 Main Street,93,88,8184,7/25/2025,5/24/2025
369,toys,UltimaTech 5000,Evergreen,Venmo,VIP,456 Elm Avenue,8,492,3936,4/9/2026,1/4/2026
370,kitchen appliances,TechNova Pro,Starlight,credit card,premium,123 Main Street,47,466,21902,3/26/2026,1/27/2026
371,office supplies,TechNova Pro,Thunderbolt,Venmo,VIP,789 Oak Lane,31,235,7285,2/10/2026,1/26/2026
372,outdoor gear,UltraGadget X,Silverstone,credit card,premium,123 Main Street,5,53,265,11/22/2025,4/7/2026
373,outdoor gear,GigaMaster 100,Evergreen,credit card,premium,789 Oak Lane,40,124,4960,4/18/2026,10/30/2025
374,home decor,MegaTech Pro,Starlight,Venmo,basic,123 Main Street,33,427,14091,12/2/2025,1/1/2026
375,kitchen appliances,UltimateGizmo 3000,Evergreen,credit card,VIP,123 Main Street,39,445,17355,6/8/2025,3/17/2026
376,sports equipment,MegaDrive X10,Evergreen,credit card,premium,456 Elm Avenue,1,329,329,1/18/2026,1/17/2026
377,beauty products,TechNova Pro,Starlight,Venmo,premium,789 Oak Lane,32,164,5248,3/20/2026,1/21/2026
378,beauty products,MegaGizmo X10,Thunderbolt,PayPal,basic,123 Main Street,48,139,6672,12/13/2025,2/24/2026
379,clothing,GigaForce 9000,Evergreen,Venmo,basic,789 Oak Lane,55,233,12815,3/3/2026,3/31/2026
380,sports equipment,UltraGadget X,Acme,credit card,premium,456 Elm Avenue,11,219,2409,2/21/2026,5/20/2025
381,pet supplies,SuperNova X,Thunderbolt,PayPal,basic,123 Main Street,73,109,7957,5/8/2026,6/16/2025
382,beauty products,TechBlaster 1000,Starlight,PayPal,VIP,456 Elm Avenue,91,279,25389,10/29/2025,3/13/2026
383,sports equipment,HyperDrive 500,Silverstone,PayPal,basic,456 Elm Avenue,70,341,23870,11/9/2025,4/22/2026
384,pet supplies,GigaForce 9000,Acme,PayPal,VIP,456 Elm Avenue,99,392,38808,12/11/2025,3/25/2026
385,beauty products,SuperTech Pro 2000,Thunderbolt,credit card,VIP,789 Oak Lane,63,392,24696,7/14/2025,2/25/2026
386,clothing,GigaForce 9000,Thunderbolt,Venmo,VIP,123 Main Street,7,383,2681,7/8/2025,10/28/2025
387,pet supplies,UltraGadget X,Silverstone,PayPal,basic,789 Oak Lane,89,245,21805,12/4/2025,1/3/2026
388,toys,MegaGizmo X10,Silverstone,credit card,premium,456 Elm Avenue,41,331,13571,1/12/2026,7/27/2025
389,kitchen appliances,UltimateGizmo 3000,Acme,credit card,VIP,123 Main Street,23,56,1288,1/15/2026,12/15/2025
390,kitchen appliances,UltimateGizmo 3000,Evergreen,credit card,premium,789 Oak Lane,89,228,20292,10/8/2025,8/5/2025
391,sports equipment,SuperTech Pro 2000,Thunderbolt,PayPal,basic,789 Oak Lane,39,499,19461,10/1/2025,12/30/2025
392,outdoor gear,TechNova Pro,Acme,PayPal,premium,789 Oak Lane,91,126,11466,2/5/2026,5/28/2025
393,home decor,SuperTech Pro 2000,Evergreen,PayPal,VIP,456 Elm Avenue,77,396,30492,8/9/2025,1/3/2026
394,home decor,GigaForce 9000,Starlight,PayPal,basic,789 Oak Lane,33,247,8151,10/3/2025,3/24/2026
395,beauty products,SuperNova X,Acme,Venmo,VIP,789 Oak Lane,92,135,12420,3/12/2026,8/29/2025
396,clothing,UltimaTech 5000,Evergreen,credit card,basic,456 Elm Avenue,98,292,28616,1/23/2026,5/6/2026
397,home decor,GigaMaster 100,Acme,Venmo,basic,123 Main Street,38,454,17252,10/9/2025,7/15/2025
398,clothing,SuperTech Pro 2000,Evergreen,Venmo,VIP,456 Elm Avenue,20,169,3380,1/24/2026,9/26/2025
399,beauty products,SuperTech Pro 2000,Evergreen,credit card,basic,123 Main Street,45,431,19395,3/13/2026,10/12/2025
400,kitchen appliances,TechMaster 3000,Acme,Venmo,VIP,789 Oak Lane,55,329,18095,2/13/2026,3/24/2026
401,beauty products,MegaDrive X10,Starlight,PayPal,basic,456 Elm Avenue,10,350,3500,9/29/2025,10/30/2025
402,beauty products,SuperSpeed X,Evergreen,PayPal,basic,123 Main Street,16,86,1376,8/16/2025,3/24/2026
403,office supplies,MegaTech Pro,Silverstone,Venmo,basic,456 Elm Avenue,24,286,6864,3/26/2026,3/17/2026
404,office supplies,PowerGadget 500,Starlight,Venmo,premium,123 Main Street,98,387,37926,3/7/2026,6/12/2025
405,home decor,UltraGadget X,Starlight,Venmo,basic,789 Oak Lane,73,332,24236,5/11/2026,2/5/2026
406,sports equipment,MegaGizmo X10,Silverstone,credit card,premium,789 Oak Lane,47,388,18236,10/25/2025,5/8/2026
407,electronics,UltraGadget X,Starlight,PayPal,VIP,456 Elm Avenue,8,301,2408,8/2/2025,5/26/2025
408,outdoor gear,UltimateGizmo 3000,Silverstone,credit card,premium,789 Oak Lane,55,272,14960,3/6/2026,8/21/2025
409,sports equipment,TechNova Pro,Evergreen,Venmo,basic,456 Elm Avenue,29,373,10817,11/1/2025,9/30/2025
410,home decor,PowerTech 200,Thunderbolt,PayPal,premium,789 Oak Lane,41,113,4633,1/10/2026,2/10/2026
411,electronics,TechNova Pro,Silverstone,Venmo,VIP,789 Oak Lane,16,426,6816,7/26/2025,7/17/2025
412,kitchen appliances,MegaDrive X10,Evergreen,Venmo,VIP,123 Main Street,8,22,176,8/23/2025,11/28/2025
413,electronics,PowerGadget 500,Silverstone,Venmo,VIP,789 Oak Lane,21,348,7308,12/28/2025,3/3/2026
414,outdoor gear,MegaTech Pro,Thunderbolt,Venmo,premium,123 Main Street,22,69,1518,9/7/2025,5/10/2026
415,kitchen appliances,SuperTech Pro 2000,Acme,credit card,VIP,456 Elm Avenue,58,305,17690,5/28/2025,9/4/2025
416,kitchen appliances,TechMaster 3000,Acme,Venmo,VIP,789 Oak Lane,41,95,3895,10/20/2025,6/21/2025
417,clothing,PowerMax Pro,Acme,Venmo,premium,123 Main Street,6,53,318,6/9/2025,4/19/2026
418,home decor,SuperTech Pro 2000,Silverstone,Venmo,VIP,789 Oak Lane,16,344,5504,1/9/2026,3/8/2026
419,clothing,TechMaster 3000,Thunderbolt,Venmo,basic,456 Elm Avenue,20,340,6800,7/4/2025,6/28/2025
420,sports equipment,GigaForce 9000,Silverstone,credit card,VIP,123 Main Street,88,46,4048,6/15/2025,1/29/2026
421,kitchen appliances,GigaMax Pro,Acme,PayPal,premium,123 Main Street,11,289,3179,10/1/2025,10/7/2025
422,outdoor gear,TechBlaster 1000,Acme,Venmo,VIP,123 Main Street,21,135,2835,10/19/2025,11/29/2025
423,clothing,SuperTech Pro 2000,Acme,PayPal,premium,123 Main Street,59,208,12272,1/8/2026,4/16/2026
424,office supplies,PowerTech 200,Thunderbolt,PayPal,VIP,456 Elm Avenue,54,26,1404,4/2/2026,6/12/2025
425,home decor,GigaForce 9000,Silverstone,credit card,premium,123 Main Street,74,47,3478,2/8/2026,12/6/2025
426,office supplies,SuperNova X,Silverstone,credit card,premium,789 Oak Lane,60,168,10080,11/24/2025,2/1/2026
427,clothing,SuperTech Pro 2000,Starlight,PayPal,basic,789 Oak Lane,35,471,16485,2/16/2026,7/25/2025
428,home decor,SuperNova X,Acme,credit card,VIP,456 Elm Avenue,52,365,18980,5/9/2026,10/11/2025
429,pet supplies,UltimaTech 5000,Acme,PayPal,basic,789 Oak Lane,4,313,1252,12/9/2025,7/10/2025
430,outdoor gear,SuperNova X,Starlight,credit card,VIP,456 Elm Avenue,54,484,26136,2/17/2026,3/15/2026
431,home decor,SuperTech Pro 2000,Evergreen,Venmo,VIP,789 Oak Lane,21,115,2415,11/7/2025,6/27/2025
432,clothing,UltraForce 2000,Acme,PayPal,premium,789 Oak Lane,95,132,12540,6/16/2025,1/18/2026
433,electronics,MegaGizmo X10,Acme,PayPal,premium,789 Oak Lane,96,55,5280,8/6/2025,12/3/2025
434,pet supplies,SuperTech Pro 2000,Starlight,Venmo,premium,789 Oak Lane,43,18,774,7/22/2025,1/11/2026
435,kitchen appliances,HyperDrive 500,Acme,credit card,premium,123 Main Street,42,69,2898,8/28/2025,8/17/2025
436,office supplies,PowerMax Pro,Thunderbolt,credit card,VIP,456 Elm Avenue,34,418,14212,12/5/2025,4/5/2026
437,clothing,PowerTech 200,Silverstone,credit card,premium,123 Main Street,7,465,3255,3/5/2026,2/9/2026
438,sports equipment,UltraForce 2000,Thunderbolt,PayPal,VIP,123 Main Street,23,216,4968,5/31/2025,8/2/2025
439,outdoor gear,MegaTech Pro,Starlight,Venmo,premium,123 Main Street,40,348,13920,10/8/2025,10/5/2025
440,sports equipment,SuperSpeed X,Acme,PayPal,VIP,789 Oak Lane,29,301,8729,9/28/2025,4/21/2026
441,office supplies,PowerGadget 500,Acme,credit card,VIP,456 Elm Avenue,95,154,14630,2/9/2026,10/8/2025
442,toys,GigaMaster 100,Silverstone,Venmo,basic,456 Elm Avenue,45,417,18765,11/24/2025,10/20/2025
443,pet supplies,PowerMax Pro,Silverstone,credit card,basic,123 Main Street,55,78,4290,10/24/2025,7/29/2025
444,electronics,GigaMaster 100,Silverstone,PayPal,VIP,456 Elm Avenue,40,466,18640,3/21/2026,7/26/2025
445,office supplies,SuperNova X,Acme,PayPal,VIP,789 Oak Lane,5,91,455,2/7/2026,2/15/2026
446,pet supplies,GigaMax Pro,Thunderbolt,credit card,premium,789 Oak Lane,22,395,8690,3/28/2026,6/6/2025
447,kitchen appliances,MegaDrive X10,Silverstone,PayPal,premium,789 Oak Lane,5,205,1025,7/1/2025,6/20/2025
448,toys,GigaMax Pro,Silverstone,Venmo,basic,456 Elm Avenue,46,480,22080,8/7/2025,1/21/2026
449,outdoor gear,UltimateGizmo 3000,Starlight,credit card,VIP,123 Main Street,100,467,46700,6/21/2025,6/29/2025
450,outdoor gear,SuperTech Pro 2000,Silverstone,credit card,basic,123 Main Street,71,20,1420,4/29/2026,3/17/2026
451,pet supplies,PowerTech 200,Thunderbolt,PayPal,VIP,456 Elm Avenue,28,217,6076,10/19/2025,12/31/2025
452,sports equipment,UltimaTech 5000,Silverstone,PayPal,basic,456 Elm Avenue,26,449,11674,6/4/2025,6/1/2025
453,clothing,UltimaTech 5000,Acme,PayPal,basic,456 Elm Avenue,99,168,16632,3/12/2026,6/8/2025
454,clothing,TechMaster 3000,Evergreen,Venmo,premium,456 Elm Avenue,90,245,22050,6/21/2025,7/25/2025
455,electronics,HyperDrive 500,Acme,credit card,basic,456 Elm Avenue,43,104,4472,1/23/2026,2/28/2026
456,kitchen appliances,HyperDrive 500,Evergreen,Venmo,basic,789 Oak Lane,93,250,23250,4/17/2026,5/16/2025
457,toys,PowerMax Pro,Evergreen,credit card,basic,456 Elm Avenue,6,423,2538,10/2/2025,7/16/2025
458,kitchen appliances,MegaTech Pro,Starlight,PayPal,premium,123 Main Street,97,385,37345,6/7/2025,9/23/2025
459,beauty products,MegaDrive X10,Starlight,credit card,premium,789 Oak Lane,7,79,553,5/27/2025,9/28/2025
460,kitchen appliances,HyperDrive 500,Acme,credit card,VIP,789 Oak Lane,51,146,7446,6/10/2025,2/21/2026
461,sports equipment,UltimateGizmo 3000,Starlight,PayPal,premium,456 Elm Avenue,77,470,36190,12/25/2025,2/6/2026
462,pet supplies,UltraGadget X,Acme,credit card,VIP,123 Main Street,13,34,442,12/27/2025,5/10/2026
463,toys,SuperTech Pro 2000,Starlight,credit card,VIP,789 Oak Lane,18,124,2232,6/24/2025,4/16/2026
464,pet supplies,GigaMaster 100,Thunderbolt,PayPal,premium,789 Oak Lane,95,314,29830,11/7/2025,8/26/2025
465,outdoor gear,UltimaTech 5000,Evergreen,Venmo,premium,456 Elm Avenue,85,302,25670,12/15/2025,6/27/2025
466,beauty products,UltraForce 2000,Thunderbolt,PayPal,premium,456 Elm Avenue,65,231,15015,1/19/2026,9/24/2025
467,toys,MegaGizmo X10,Silverstone,credit card,premium,123 Main Street,55,215,11825,1/30/2026,12/5/2025
468,outdoor gear,TechBlaster 1000,Acme,credit card,basic,456 Elm Avenue,9,429,3861,6/8/2025,11/5/2025
469,home decor,MegaTech Pro,Silverstone,PayPal,premium,123 Main Street,38,491,18658,8/15/2025,12/1/2025
470,beauty products,MegaTech Pro,Acme,credit card,VIP,123 Main Street,78,27,2106,1/1/2026,10/28/2025
471,toys,TechBlaster 1000,Silverstone,credit card,basic,456 Elm Avenue,98,360,35280,9/24/2025,2/2/2026
472,electronics,MegaTech Pro,Evergreen,Venmo,VIP,456 Elm Avenue,86,46,3956,4/25/2026,12/24/2025
473,sports equipment,UltimaTech 5000,Evergreen,credit card,premium,456 Elm Avenue,59,293,17287,12/14/2025,11/29/2025
474,sports equipment,SuperNova X,Evergreen,credit card,VIP,789 Oak Lane,76,115,8740,12/22/2025,11/4/2025
475,beauty products,TechNova Pro,Starlight,PayPal,basic,123 Main Street,13,373,4849,10/29/2025,3/2/2026
476,toys,UltimateGizmo 3000,Acme,PayPal,basic,123 Main Street,59,360,21240,3/28/2026,7/11/2025
477,electronics,MegaTech Pro,Starlight,PayPal,premium,123 Main Street,54,341,18414,7/11/2025,8/26/2025
478,pet supplies,GigaMax Pro,Starlight,PayPal,VIP,789 Oak Lane,36,316,11376,1/14/2026,3/16/2026
479,sports equipment,PowerTech 200,Evergreen,credit card,VIP,456 Elm Avenue,76,207,15732,1/30/2026,9/28/2025
480,clothing,GigaMaster 100,Acme,Venmo,premium,123 Main Street,16,23,368,8/18/2025,6/22/2025
481,pet supplies,GigaForce 9000,Acme,Venmo,VIP,789 Oak Lane,19,279,5301,1/9/2026,3/10/2026
482,home decor,UltimateGizmo 3000,Evergreen,PayPal,VIP,456 Elm Avenue,79,119,9401,10/14/2025,8/12/2025
483,toys,GigaMaster 100,Evergreen,Venmo,basic,123 Main Street,54,135,7290,10/15/2025,10/18/2025
484,outdoor gear,PowerGadget 500,Starlight,PayPal,VIP,123 Main Street,16,15,240,5/6/2026,12/19/2025
485,office supplies,PowerTech 200,Evergreen,PayPal,basic,123 Main Street,26,457,11882,4/17/2026,4/8/2026
486,electronics,GigaForce 9000,Evergreen,Venmo,premium,789 Oak Lane,52,321,16692,11/17/2025,7/22/2025
487,pet supplies,GigaForce 9000,Silverstone,credit card,basic,456 Elm Avenue,61,12,732,10/9/2025,7/13/2025
488,outdoor gear,GigaMaster 100,Starlight,PayPal,VIP,123 Main Street,29,220,6380,9/16/2025,10/29/2025
489,beauty products,PowerGadget 500,Silverstone,credit card,premium,456 Elm Avenue,20,233,4660,8/27/2025,4/25/2026
490,toys,SuperSpeed X,Thunderbolt,PayPal,basic,789 Oak Lane,15,77,1155,5/11/2026,3/4/2026
491,kitchen appliances,MegaTech Pro,Evergreen,Venmo,VIP,789 Oak Lane,6,98,588,6/4/2025,6/12/2025
492,beauty products,SuperTech Pro 2000,Evergreen,PayPal,basic,456 Elm Avenue,44,7,308,10/5/2025,5/4/2026
493,outdoor gear,MegaGizmo X10,Silverstone,credit card,basic,456 Elm Avenue,45,466,20970,9/7/2025,12/20/2025
494,home decor,TechNova Pro,Silverstone,credit card,basic,123 Main Street,82,155,12710,6/12/2025,2/25/2026
495,electronics,UltimateGizmo 3000,Silverstone,PayPal,VIP,456 Elm Avenue,29,298,8642,9/20/2025,3/8/2026
496,outdoor gear,UltimaTech 5000,Silverstone,Venmo,premium,123 Main Street,69,5,345,9/4/2025,11/12/2025
497,office supplies,HyperDrive 500,Evergreen,credit card,premium,123 Main Street,48,342,16416,2/7/2026,3/8/2026
498,home decor,TechBlaster 1000,Acme,Venmo,basic,456 Elm Avenue,60,129,7740,10/23/2025,11/21/2025
499,office supplies,SuperSpeed X,Silverstone,Venmo,basic,123 Main Street,32,332,10624,4/16/2026,3/25/2026
500,pet supplies,PowerTech 200,Thunderbolt,Venmo,basic,123 Main Street,98,300,29400,6/22/2025,3/26/2026
501,home decor,UltimateGizmo 3000,Thunderbolt,credit card,basic,789 Oak Lane,15,367,5505,9/28/2025,6/9/2025
502,home decor,PowerTech 200,Acme,PayPal,VIP,123 Main Street,24,330,7920,5/6/2026,5/12/2026
503,office supplies,PowerTech 200,Starlight,Venmo,premium,456 Elm Avenue,57,210,11970,3/17/2026,6/4/2025
504,home decor,GigaForce 9000,Silverstone,credit card,basic,789 Oak Lane,23,263,6049,3/26/2026,6/3/2025
505,office supplies,GigaMaster 100,Starlight,PayPal,VIP,123 Main Street,59,77,4543,5/18/2025,3/17/2026
506,outdoor gear,MegaTech Pro,Acme,credit card,VIP,789 Oak Lane,52,397,20644,1/24/2026,9/10/2025
507,kitchen appliances,SuperSpeed X,Thunderbolt,Venmo,VIP,789 Oak Lane,97,383,37151,11/14/2025,11/15/2025
508,electronics,MegaTech Pro,Acme,credit card,basic,123 Main Street,72,335,24120,8/19/2025,3/8/2026
509,beauty products,GigaMaster 100,Thunderbolt,PayPal,VIP,456 Elm Avenue,53,259,13727,3/3/2026,1/4/2026
510,outdoor gear,SuperNova X,Evergreen,credit card,VIP,789 Oak Lane,17,310,5270,7/2/2025,4/28/2026
511,kitchen appliances,PowerTech 200,Thunderbolt,PayPal,premium,789 Oak Lane,45,189,8505,3/13/2026,12/14/2025
512,sports equipment,PowerMax Pro,Starlight,PayPal,VIP,456 Elm Avenue,79,246,19434,5/31/2025,10/14/2025
513,office supplies,SuperNova X,Acme,PayPal,basic,123 Main Street,15,356,5340,12/1/2025,5/1/2026
514,sports equipment,TechBlaster 1000,Evergreen,PayPal,basic,789 Oak Lane,41,344,14104,9/21/2025,3/12/2026
515,toys,SuperSpeed X,Starlight,Venmo,VIP,789 Oak Lane,67,285,19095,10/10/2025,3/5/2026
516,clothing,PowerTech 200,Evergreen,credit card,VIP,123 Main Street,78,195,15210,2/4/2026,1/14/2026
517,electronics,TechBlaster 1000,Silverstone,credit card,VIP,456 Elm Avenue,87,356,30972,8/16/2025,6/4/2025
518,beauty products,UltimaTech 5000,Starlight,credit card,premium,123 Main Street,88,91,8008,2/1/2026,7/31/2025
519,toys,UltimaTech 5000,Acme,Venmo,VIP,123 Main Street,72,496,35712,5/7/2026,10/15/2025
520,beauty products,GigaMaster 100,Evergreen,PayPal,premium,123 Main Street,63,5,315,12/2/2025,1/4/2026
521,clothing,GigaMax Pro,Starlight,Venmo,basic,456 Elm Avenue,69,497,34293,7/29/2025,3/29/2026
522,electronics,MegaDrive X10,Evergreen,PayPal,premium,789 Oak Lane,30,426,12780,1/30/2026,11/4/2025
523,pet supplies,SuperNova X,Acme,credit card,basic,123 Main Street,42,378,15876,2/5/2026,5/12/2026
524,beauty products,MegaTech Pro,Evergreen,credit card,premium,123 Main Street,5,282,1410,6/30/2025,2/3/2026
525,toys,TechBlaster 1000,Thunderbolt,PayPal,VIP,123 Main Street,19,475,9025,4/24/2026,3/3/2026
526,electronics,MegaDrive X10,Evergreen,credit card,premium,789 Oak Lane,49,280,13720,9/26/2025,12/21/2025
527,sports equipment,TechMaster 3000,Thunderbolt,PayPal,basic,456 Elm Avenue,14,415,5810,4/13/2026,10/12/2025
528,office supplies,SuperNova X,Starlight,credit card,basic,123 Main Street,67,298,19966,4/3/2026,6/4/2025
529,beauty products,UltraGadget X,Acme,Venmo,basic,456 Elm Avenue,95,149,14155,10/17/2025,8/12/2025
530,pet supplies,TechMaster 3000,Silverstone,PayPal,VIP,123 Main Street,34,126,4284,1/12/2026,8/27/2025
531,sports equipment,UltraGadget X,Thunderbolt,PayPal,basic,123 Main Street,4,7,28,7/4/2025,6/9/2025
532,sports equipment,UltimaTech 5000,Starlight,PayPal,VIP,456 Elm Avenue,49,25,1225,6/11/2025,9/2/2025
533,toys,PowerTech 200,Starlight,PayPal,VIP,789 Oak Lane,9,188,1692,12/31/2025,10/31/2025
534,kitchen appliances,SuperSpeed X,Silverstone,credit card,basic,123 Main Street,81,273,22113,6/6/2025,11/25/2025
535,kitchen appliances,GigaMaster 100,Silverstone,Venmo,basic,789 Oak Lane,72,264,19008,3/25/2026,8/28/2025
536,beauty products,UltimaTech 5000,Thunderbolt,Venmo,basic,789 Oak Lane,12,489,5868,2/25/2026,8/21/2025
537,home decor,TechNova Pro,Silverstone,Venmo,basic,456 Elm Avenue,57,109,6213,7/12/2025,8/9/2025
538,kitchen appliances,TechNova Pro,Acme,Venmo,premium,789 Oak Lane,39,289,11271,2/1/2026,6/7/2025
539,sports equipment,SuperNova X,Thunderbolt,credit card,basic,789 Oak Lane,17,300,5100,4/27/2026,12/13/2025
540,toys,TechMaster 3000,Acme,credit card,VIP,789 Oak Lane,54,49,2646,12/9/2025,7/1/2025
541,beauty products,MegaGizmo X10,Evergreen,PayPal,premium,456 Elm Avenue,8,366,2928,5/18/2025,1/18/2026
542,beauty products,UltraGadget X,Starlight,credit card,VIP,123 Main Street,10,68,680,9/19/2025,7/26/2025
543,home decor,SuperTech Pro 2000,Starlight,PayPal,VIP,789 Oak Lane,76,434,32984,8/2/2025,8/19/2025
544,outdoor gear,PowerGadget 500,Evergreen,Venmo,VIP,789 Oak Lane,74,194,14356,2/3/2026,7/29/2025
545,clothing,UltimaTech 5000,Acme,PayPal,VIP,456 Elm Avenue,9,497,4473,11/29/2025,9/25/2025
546,outdoor gear,MegaDrive X10,Acme,credit card,premium,123 Main Street,99,284,28116,9/28/2025,9/23/2025
547,beauty products,GigaForce 9000,Acme,Venmo,VIP,456 Elm Avenue,63,155,9765,5/29/2025,9/9/2025
548,office supplies,SuperNova X,Thunderbolt,Venmo,VIP,123 Main Street,74,199,14726,11/21/2025,11/5/2025
549,beauty products,SuperTech Pro 2000,Silverstone,PayPal,basic,789 Oak Lane,92,480,44160,9/1/2025,9/7/2025
550,home decor,TechBlaster 1000,Evergreen,credit card,basic,456 Elm Avenue,47,151,7097,8/15/2025,4/11/2026
551,electronics,GigaMaster 100,Thunderbolt,PayPal,basic,789 Oak Lane,57,463,26391,3/8/2026,9/6/2025
552,kitchen appliances,PowerGadget 500,Silverstone,Venmo,basic,789 Oak Lane,40,405,16200,9/21/2025,3/24/2026
553,home decor,SuperTech Pro 2000,Evergreen,PayPal,basic,789 Oak Lane,88,116,10208,1/1/2026,3/7/2026
554,electronics,PowerTech 200,Starlight,Venmo,VIP,456 Elm Avenue,54,254,13716,4/12/2026,10/12/2025
555,outdoor gear,GigaMax Pro,Evergreen,Venmo,basic,456 Elm Avenue,18,490,8820,1/18/2026,9/6/2025
556,kitchen appliances,GigaMax Pro,Thunderbolt,Venmo,VIP,789 Oak Lane,41,120,4920,8/26/2025,8/11/2025
557,home decor,HyperDrive 500,Thunderbolt,Venmo,VIP,123 Main Street,15,17,255,9/7/2025,3/25/2026
558,beauty products,SuperNova X,Starlight,PayPal,premium,456 Elm Avenue,44,412,18128,3/6/2026,10/20/2025
559,electronics,TechBlaster 1000,Evergreen,PayPal,VIP,456 Elm Avenue,35,214,7490,2/2/2026,7/28/2025
560,electronics,GigaMax Pro,Silverstone,credit card,basic,456 Elm Avenue,20,40,800,6/18/2025,11/6/2025
561,pet supplies,UltimateGizmo 3000,Evergreen,PayPal,VIP,789 Oak Lane,51,311,15861,1/18/2026,7/18/2025
562,sports equipment,UltraGadget X,Starlight,Venmo,VIP,123 Main Street,65,380,24700,9/28/2025,10/28/2025
563,beauty products,UltraGadget X,Silverstone,PayPal,VIP,789 Oak Lane,93,57,5301,10/31/2025,7/13/2025
564,home decor,MegaDrive X10,Thunderbolt,Venmo,premium,456 Elm Avenue,26,41,1066,4/24/2026,6/9/2025
565,outdoor gear,MegaTech Pro,Acme,credit card,basic,789 Oak Lane,77,280,21560,3/20/2026,12/3/2025
566,kitchen appliances,MegaDrive X10,Evergreen,Venmo,basic,456 Elm Avenue,67,143,9581,1/13/2026,12/7/2025
567,outdoor gear,UltraForce 2000,Evergreen,PayPal,premium,456 Elm Avenue,60,166,9960,4/27/2026,7/2/2025
568,toys,TechNova Pro,Starlight,credit card,VIP,789 Oak Lane,37,257,9509,11/14/2025,3/30/2026
569,toys,HyperDrive 500,Starlight,PayPal,basic,123 Main Street,10,445,4450,4/13/2026,10/11/2025
570,office supplies,HyperDrive 500,Evergreen,PayPal,premium,789 Oak Lane,57,175,9975,3/31/2026,1/22/2026
571,beauty products,PowerGadget 500,Thunderbolt,credit card,VIP,123 Main Street,66,360,23760,1/17/2026,2/1/2026
572,clothing,UltraGadget X,Acme,Venmo,premium,789 Oak Lane,57,245,13965,11/18/2025,12/14/2025
573,toys,SuperSpeed X,Evergreen,credit card,basic,789 Oak Lane,38,228,8664,10/4/2025,4/8/2026
574,office supplies,PowerMax Pro,Thunderbolt,credit card,VIP,789 Oak Lane,88,136,11968,8/26/2025,8/30/2025
575,office supplies,TechNova Pro,Silverstone,PayPal,premium,123 Main Street,25,80,2000,9/5/2025,5/17/2025
576,beauty products,TechBlaster 1000,Starlight,PayPal,premium,789 Oak Lane,40,127,5080,3/1/2026,5/14/2025
577,sports equipment,MegaGizmo X10,Acme,credit card,premium,789 Oak Lane,35,26,910,11/28/2025,10/6/2025
578,home decor,MegaTech Pro,Evergreen,credit card,VIP,789 Oak Lane,25,166,4150,2/8/2026,4/29/2026
579,toys,TechNova Pro,Starlight,PayPal,premium,789 Oak Lane,84,258,21672,5/28/2025,3/22/2026
580,toys,SuperNova X,Starlight,Venmo,VIP,789 Oak Lane,70,268,18760,3/24/2026,3/29/2026
581,electronics,UltimaTech 5000,Evergreen,PayPal,VIP,123 Main Street,24,325,7800,6/4/2025,9/30/2025
582,office supplies,TechNova Pro,Evergreen,credit card,basic,123 Main Street,81,112,9072,2/12/2026,6/8/2025
583,pet supplies,PowerMax Pro,Acme,Venmo,basic,456 Elm Avenue,63,173,10899,10/17/2025,1/2/2026
584,electronics,PowerMax Pro,Starlight,credit card,basic,456 Elm Avenue,98,362,35476,9/18/2025,8/14/2025
585,electronics,TechNova Pro,Thunderbolt,Venmo,VIP,123 Main Street,76,236,17936,12/1/2025,4/30/2026
586,toys,UltimateGizmo 3000,Starlight,credit card,premium,456 Elm Avenue,87,128,11136,1/9/2026,2/26/2026
587,beauty products,UltimaTech 5000,Starlight,credit card,VIP,456 Elm Avenue,28,44,1232,7/19/2025,9/30/2025
588,electronics,UltraGadget X,Acme,credit card,VIP,789 Oak Lane,80,220,17600,10/1/2025,6/20/2025
589,kitchen appliances,GigaMaster 100,Evergreen,credit card,basic,123 Main Street,38,179,6802,1/18/2026,12/16/2025
590,toys,MegaTech Pro,Starlight,Venmo,VIP,456 Elm Avenue,99,348,34452,9/11/2025,8/26/2025
591,home decor,MegaDrive X10,Silverstone,PayPal,premium,123 Main Street,64,217,13888,6/14/2025,9/3/2025
592,office supplies,GigaMaster 100,Thunderbolt,Venmo,premium,123 Main Street,87,420,36540,10/4/2025,1/29/2026
593,clothing,SuperNova X,Evergreen,PayPal,VIP,123 Main Street,2,219,438,11/10/2025,2/25/2026
594,kitchen appliances,UltimateGizmo 3000,Acme,PayPal,basic,789 Oak Lane,38,180,6840,1/18/2026,5/7/2026
595,electronics,SuperSpeed X,Acme,PayPal,basic,789 Oak Lane,45,425,19125,5/19/2025,6/26/2025
596,outdoor gear,SuperNova X,Silverstone,PayPal,premium,789 Oak Lane,95,330,31350,2/27/2026,5/6/2026
597,outdoor gear,PowerMax Pro,Starlight,PayPal,premium,456 Elm Avenue,43,243,10449,5/17/2025,1/20/2026
598,pet supplies,GigaMax Pro,Acme,Venmo,VIP,456 Elm Avenue,62,465,28830,4/25/2026,11/25/2025
599,sports equipment,HyperDrive 500,Silverstone,Venmo,basic,456 Elm Avenue,58,376,21808,12/6/2025,5/15/2025
600,beauty products,GigaForce 9000,Starlight,credit card,VIP,456 Elm Avenue,8,197,1576,5/31/2025,6/21/2025
601,outdoor gear,PowerMax Pro,Thunderbolt,credit card,VIP,789 Oak Lane,94,137,12878,11/8/2025,4/17/2026
602,office supplies,PowerGadget 500,Thunderbolt,Venmo,VIP,456 Elm Avenue,37,229,8473,7/14/2025,12/15/2025
603,electronics,SuperTech Pro 2000,Thunderbolt,credit card,premium,789 Oak Lane,95,66,6270,8/29/2025,8/10/2025
604,toys,GigaForce 9000,Acme,Venmo,basic,789 Oak Lane,72,364,26208,5/13/2026,5/11/2026
605,office supplies,TechNova Pro,Starlight,credit card,basic,123 Main Street,92,433,39836,9/21/2025,8/5/2025
606,electronics,TechBlaster 1000,Thunderbolt,credit card,premium,456 Elm Avenue,62,45,2790,12/14/2025,11/16/2025
607,electronics,PowerTech 200,Acme,Venmo,premium,789 Oak Lane,6,226,1356,11/16/2025,5/13/2026
608,office supplies,GigaForce 9000,Starlight,credit card,VIP,789 Oak Lane,63,164,10332,7/27/2025,10/9/2025
609,outdoor gear,UltraGadget X,Starlight,Venmo,VIP,789 Oak Lane,11,152,1672,8/10/2025,7/27/2025
610,kitchen appliances,MegaGizmo X10,Thunderbolt,credit card,basic,123 Main Street,35,184,6440,10/17/2025,7/8/2025
611,sports equipment,PowerGadget 500,Evergreen,PayPal,VIP,123 Main Street,2,9,18,10/15/2025,10/28/2025
612,toys,MegaGizmo X10,Acme,PayPal,basic,123 Main Street,44,25,1100,10/19/2025,6/2/2025
613,clothing,TechNova Pro,Silverstone,PayPal,premium,456 Elm Avenue,29,133,3857,5/9/2026,7/9/2025
614,sports equipment,MegaTech Pro,Thunderbolt,credit card,premium,789 Oak Lane,65,306,19890,1/23/2026,3/22/2026
615,pet supplies,MegaDrive X10,Evergreen,Venmo,VIP,456 Elm Avenue,40,254,10160,6/25/2025,1/16/2026
616,sports equipment,SuperTech Pro 2000,Acme,PayPal,basic,123 Main Street,48,152,7296,10/1/2025,1/12/2026
617,kitchen appliances,TechNova Pro,Starlight,credit card,premium,789 Oak Lane,11,239,2629,2/13/2026,7/6/2025
618,outdoor gear,UltimaTech 5000,Evergreen,credit card,basic,456 Elm Avenue,3,380,1140,7/9/2025,8/11/2025
619,beauty products,GigaMax Pro,Thunderbolt,credit card,basic,789 Oak Lane,42,116,4872,9/7/2025,4/11/2026
620,clothing,TechMaster 3000,Evergreen,PayPal,VIP,789 Oak Lane,99,298,29502,7/30/2025,7/27/2025
621,toys,PowerMax Pro,Thunderbolt,credit card,premium,456 Elm Avenue,47,196,9212,2/16/2026,2/23/2026
622,beauty products,UltraForce 2000,Acme,PayPal,VIP,789 Oak Lane,80,27,2160,7/31/2025,1/23/2026
623,office supplies,UltraForce 2000,Acme,credit card,basic,456 Elm Avenue,26,259,6734,2/9/2026,10/12/2025
624,electronics,PowerTech 200,Evergreen,Venmo,basic,456 Elm Avenue,80,274,21920,3/19/2026,5/14/2025
625,electronics,UltraForce 2000,Thunderbolt,Venmo,basic,789 Oak Lane,43,204,8772,1/18/2026,12/26/2025
626,clothing,MegaDrive X10,Silverstone,Venmo,basic,789 Oak Lane,47,132,6204,4/10/2026,10/29/2025
627,electronics,GigaForce 9000,Evergreen,PayPal,premium,456 Elm Avenue,17,100,1700,3/15/2026,1/30/2026
628,electronics,GigaMax Pro,Thunderbolt,PayPal,basic,456 Elm Avenue,62,179,11098,1/10/2026,2/4/2026
629,pet supplies,TechNova Pro,Acme,credit card,VIP,123 Main Street,99,336,33264,3/17/2026,3/3/2026
630,sports equipment,GigaMaster 100,Silverstone,credit card,premium,456 Elm Avenue,14,411,5754,11/7/2025,3/2/2026
631,clothing,MegaGizmo X10,Thunderbolt,credit card,basic,456 Elm Avenue,32,241,7712,3/4/2026,7/4/2025
632,clothing,PowerMax Pro,Acme,PayPal,basic,789 Oak Lane,46,109,5014,12/5/2025,9/19/2025
633,sports equipment,SuperNova X,Evergreen,PayPal,premium,123 Main Street,92,336,30912,10/20/2025,1/28/2026
634,electronics,GigaMax Pro,Starlight,PayPal,premium,789 Oak Lane,15,449,6735,6/21/2025,12/15/2025
635,beauty products,UltimaTech 5000,Evergreen,PayPal,premium,456 Elm Avenue,48,316,15168,6/14/2025,1/12/2026
636,sports equipment,PowerTech 200,Silverstone,credit card,basic,789 Oak Lane,91,256,23296,10/26/2025,10/21/2025
637,toys,TechMaster 3000,Starlight,PayPal,premium,123 Main Street,34,48,1632,9/2/2025,7/17/2025
638,kitchen appliances,TechMaster 3000,Thunderbolt,Venmo,basic,123 Main Street,2,48,96,3/18/2026,11/30/2025
639,beauty products,UltimaTech 5000,Evergreen,credit card,basic,123 Main Street,38,269,10222,3/16/2026,3/23/2026
640,kitchen appliances,SuperSpeed X,Evergreen,credit card,VIP,123 Main Street,6,78,468,4/28/2026,12/29/2025
641,toys,HyperDrive 500,Acme,credit card,premium,789 Oak Lane,87,249,21663,4/19/2026,7/17/2025
642,sports equipment,UltraGadget X,Starlight,PayPal,premium,789 Oak Lane,26,257,6682,1/1/2026,7/20/2025
643,outdoor gear,TechMaster 3000,Acme,PayPal,basic,789 Oak Lane,56,186,10416,7/25/2025,3/15/2026
644,pet supplies,GigaForce 9000,Thunderbolt,PayPal,basic,789 Oak Lane,4,296,1184,9/11/2025,11/20/2025
645,outdoor gear,GigaForce 9000,Silverstone,PayPal,premium,789 Oak Lane,29,473,13717,12/25/2025,11/15/2025
646,toys,GigaMaster 100,Starlight,Venmo,premium,456 Elm Avenue,70,172,12040,12/24/2025,11/28/2025
647,kitchen appliances,GigaForce 9000,Thunderbolt,Venmo,VIP,123 Main Street,27,382,10314,11/16/2025,9/26/2025
648,outdoor gear,SuperSpeed X,Thunderbolt,PayPal,basic,123 Main Street,31,293,9083,5/25/2025,11/8/2025
649,kitchen appliances,SuperTech Pro 2000,Thunderbolt,Venmo,basic,123 Main Street,50,357,17850,2/12/2026,11/6/2025
650,electronics,UltraGadget X,Silverstone,PayPal,premium,456 Elm Avenue,40,272,10880,11/11/2025,10/4/2025
651,electronics,SuperNova X,Evergreen,PayPal,basic,456 Elm Avenue,71,361,25631,11/30/2025,3/28/2026
652,office supplies,PowerGadget 500,Starlight,credit card,VIP,456 Elm Avenue,15,70,1050,12/2/2025,7/24/2025
653,electronics,PowerMax Pro,Starlight,credit card,premium,789 Oak Lane,74,168,12432,12/15/2025,7/11/2025
654,outdoor gear,GigaForce 9000,Acme,PayPal,basic,456 Elm Avenue,83,110,9130,12/15/2025,4/8/2026
655,toys,SuperTech Pro 2000,Evergreen,Venmo,basic,789 Oak Lane,83,32,2656,4/25/2026,8/8/2025
656,toys,GigaForce 9000,Silverstone,PayPal,basic,456 Elm Avenue,60,141,8460,7/13/2025,12/24/2025
657,home decor,SuperTech Pro 2000,Evergreen,credit card,basic,789 Oak Lane,68,496,33728,2/9/2026,12/28/2025
658,beauty products,MegaDrive X10,Acme,Venmo,basic,456 Elm Avenue,12,387,4644,11/26/2025,11/10/2025
659,clothing,PowerMax Pro,Starlight,credit card,premium,123 Main Street,31,80,2480,5/8/2026,11/5/2025
660,kitchen appliances,GigaMax Pro,Starlight,Venmo,basic,789 Oak Lane,82,265,21730,8/21/2025,8/30/2025
661,sports equipment,SuperSpeed X,Thunderbolt,Venmo,basic,123 Main Street,29,205,5945,5/14/2025,7/12/2025
662,beauty products,MegaGizmo X10,Thunderbolt,PayPal,VIP,456 Elm Avenue,35,450,15750,12/20/2025,8/10/2025
663,outdoor gear,MegaDrive X10,Acme,Venmo,premium,456 Elm Avenue,60,102,6120,12/8/2025,9/19/2025
664,electronics,GigaMaster 100,Silverstone,Venmo,VIP,789 Oak Lane,57,86,4902,5/30/2025,7/17/2025
665,clothing,GigaMax Pro,Thunderbolt,PayPal,VIP,789 Oak Lane,35,352,12320,5/14/2025,8/18/2025
666,office supplies,PowerGadget 500,Evergreen,PayPal,premium,123 Main Street,97,304,29488,8/26/2025,8/29/2025
667,electronics,MegaDrive X10,Thunderbolt,Venmo,VIP,456 Elm Avenue,76,364,27664,3/28/2026,9/28/2025
668,outdoor gear,GigaMaster 100,Evergreen,credit card,VIP,123 Main Street,6,491,2946,5/14/2025,8/20/2025
669,sports equipment,SuperNova X,Starlight,PayPal,premium,789 Oak Lane,93,329,30597,10/24/2025,11/5/2025
670,home decor,HyperDrive 500,Starlight,Venmo,VIP,123 Main Street,31,130,4030,9/15/2025,12/30/2025
671,electronics,PowerMax Pro,Silverstone,PayPal,basic,456 Elm Avenue,86,230,19780,6/29/2025,8/22/2025
672,office supplies,UltraForce 2000,Thunderbolt,credit card,premium,789 Oak Lane,86,175,15050,4/23/2026,11/10/2025
673,clothing,GigaMax Pro,Starlight,Venmo,basic,789 Oak Lane,79,138,10902,12/8/2025,2/28/2026
674,beauty products,SuperSpeed X,Evergreen,PayPal,premium,456 Elm Avenue,21,383,8043,5/3/2026,6/15/2025
675,electronics,MegaTech Pro,Acme,Venmo,VIP,123 Main Street,95,150,14250,7/6/2025,8/27/2025
676,beauty products,GigaMax Pro,Acme,Venmo,VIP,456 Elm Avenue,8,315,2520,10/12/2025,8/4/2025
677,home decor,PowerTech 200,Thunderbolt,PayPal,VIP,456 Elm Avenue,31,129,3999,12/7/2025,1/7/2026
678,sports equipment,PowerTech 200,Thunderbolt,Venmo,basic,123 Main Street,5,217,1085,10/8/2025,3/19/2026
679,beauty products,GigaForce 9000,Acme,Venmo,premium,789 Oak Lane,92,198,18216,4/24/2026,10/29/2025
680,kitchen appliances,TechNova Pro,Thunderbolt,Venmo,premium,789 Oak Lane,76,422,32072,1/29/2026,4/26/2026
681,kitchen appliances,HyperDrive 500,Starlight,PayPal,basic,123 Main Street,50,315,15750,3/24/2026,4/11/2026
682,pet supplies,UltraForce 2000,Starlight,credit card,basic,456 Elm Avenue,30,418,12540,7/3/2025,9/4/2025
683,clothing,TechMaster 3000,Acme,credit card,basic,456 Elm Avenue,13,474,6162,2/5/2026,5/11/2026
684,toys,GigaMax Pro,Starlight,PayPal,VIP,789 Oak Lane,88,143,12584,6/23/2025,3/5/2026
685,office supplies,UltimaTech 5000,Silverstone,Venmo,basic,123 Main Street,13,302,3926,4/8/2026,1/1/2026
686,home decor,GigaMaster 100,Acme,credit card,VIP,789 Oak Lane,98,11,1078,9/23/2025,12/29/2025
687,electronics,UltimaTech 5000,Starlight,PayPal,basic,123 Main Street,62,460,28520,6/26/2025,12/3/2025
688,office supplies,PowerGadget 500,Thunderbolt,Venmo,premium,789 Oak Lane,100,250,25000,7/16/2025,3/26/2026
689,toys,UltraForce 2000,Starlight,PayPal,VIP,456 Elm Avenue,98,438,42924,1/26/2026,1/8/2026
690,pet supplies,PowerMax Pro,Silverstone,PayPal,premium,789 Oak Lane,32,277,8864,12/11/2025,7/3/2025
691,toys,GigaMaster 100,Acme,Venmo,premium,456 Elm Avenue,73,157,11461,10/8/2025,4/23/2026
692,toys,UltimaTech 5000,Silverstone,Venmo,VIP,789 Oak Lane,2,427,854,1/31/2026,2/14/2026
693,clothing,MegaTech Pro,Evergreen,PayPal,basic,123 Main Street,32,378,12096,3/2/2026,3/19/2026
694,electronics,PowerTech 200,Silverstone,PayPal,basic,123 Main Street,83,259,21497,6/21/2025,12/12/2025
695,office supplies,TechMaster 3000,Starlight,PayPal,basic,456 Elm Avenue,34,430,14620,1/9/2026,4/11/2026
696,outdoor gear,UltraGadget X,Thunderbolt,Venmo,premium,123 Main Street,72,385,27720,10/26/2025,6/30/2025
697,beauty products,UltraGadget X,Evergreen,credit card,VIP,123 Main Street,14,270,3780,10/22/2025,2/26/2026
698,kitchen appliances,GigaMax Pro,Thunderbolt,credit card,VIP,789 Oak Lane,63,74,4662,8/4/2025,4/22/2026
699,kitchen appliances,SuperSpeed X,Starlight,Venmo,VIP,456 Elm Avenue,55,41,2255,4/3/2026,9/23/2025
700,clothing,PowerGadget 500,Starlight,credit card,basic,456 Elm Avenue,53,366,19398,9/13/2025,11/19/2025
701,office supplies,GigaMaster 100,Thunderbolt,Venmo,basic,123 Main Street,36,395,14220,4/10/2026,10/20/2025
702,home decor,MegaTech Pro,Acme,credit card,basic,789 Oak Lane,49,233,11417,1/14/2026,10/23/2025
703,pet supplies,UltimateGizmo 3000,Acme,Venmo,VIP,789 Oak Lane,9,71,639,3/1/2026,9/18/2025
704,clothing,PowerMax Pro,Silverstone,credit card,basic,789 Oak Lane,55,75,4125,10/23/2025,12/31/2025
705,clothing,HyperDrive 500,Acme,Venmo,premium,456 Elm Avenue,96,185,17760,11/22/2025,2/8/2026
706,electronics,SuperSpeed X,Thunderbolt,PayPal,premium,123 Main Street,80,412,32960,4/24/2026,4/12/2026
707,outdoor gear,UltimateGizmo 3000,Thunderbolt,Venmo,basic,123 Main Street,79,176,13904,8/25/2025,4/8/2026
708,sports equipment,PowerTech 200,Thunderbolt,credit card,VIP,456 Elm Avenue,45,104,4680,8/6/2025,2/20/2026
709,kitchen appliances,SuperNova X,Acme,Venmo,basic,123 Main Street,60,116,6960,6/8/2025,10/30/2025
710,electronics,MegaGizmo X10,Thunderbolt,PayPal,basic,789 Oak Lane,74,20,1480,7/5/2025,5/29/2025
711,outdoor gear,SuperNova X,Evergreen,Venmo,VIP,123 Main Street,49,152,7448,7/27/2025,3/17/2026
712,beauty products,PowerGadget 500,Evergreen,credit card,VIP,456 Elm Avenue,21,131,2751,2/1/2026,3/29/2026
713,home decor,SuperNova X,Thunderbolt,Venmo,premium,789 Oak Lane,94,83,7802,5/11/2026,9/10/2025
714,outdoor gear,MegaGizmo X10,Starlight,Venmo,premium,123 Main Street,96,392,37632,4/6/2026,5/19/2025
715,clothing,UltraForce 2000,Starlight,credit card,basic,789 Oak Lane,61,428,26108,2/13/2026,8/1/2025
716,toys,SuperTech Pro 2000,Evergreen,credit card,basic,456 Elm Avenue,9,251,2259,1/26/2026,7/10/2025
717,toys,HyperDrive 500,Evergreen,PayPal,VIP,789 Oak Lane,90,232,20880,11/11/2025,9/17/2025
718,pet supplies,TechMaster 3000,Acme,PayPal,VIP,789 Oak Lane,50,366,18300,8/18/2025,4/1/2026
719,toys,UltraGadget X,Acme,Venmo,premium,123 Main Street,44,71,3124,4/17/2026,7/12/2025
720,electronics,GigaForce 9000,Thunderbolt,Venmo,premium,789 Oak Lane,62,123,7626,6/14/2025,1/10/2026
721,sports equipment,TechBlaster 1000,Evergreen,PayPal,basic,789 Oak Lane,37,125,4625,2/24/2026,7/10/2025
722,home decor,TechBlaster 1000,Evergreen,PayPal,VIP,789 Oak Lane,91,24,2184,7/10/2025,9/28/2025
723,outdoor gear,GigaForce 9000,Silverstone,PayPal,basic,456 Elm Avenue,7,392,2744,8/1/2025,3/4/2026
724,clothing,TechNova Pro,Thunderbolt,Venmo,basic,456 Elm Avenue,45,412,18540,6/17/2025,5/23/2025
725,sports equipment,PowerTech 200,Thunderbolt,PayPal,premium,789 Oak Lane,18,170,3060,7/5/2025,8/8/2025
726,outdoor gear,TechNova Pro,Starlight,PayPal,VIP,456 Elm Avenue,85,41,3485,1/18/2026,11/1/2025
727,pet supplies,UltimaTech 5000,Starlight,credit card,VIP,456 Elm Avenue,7,217,1519,10/24/2025,5/27/2025
728,home decor,GigaMaster 100,Thunderbolt,PayPal,basic,456 Elm Avenue,3,411,1233,7/4/2025,4/13/2026
729,electronics,UltraGadget X,Starlight,credit card,premium,789 Oak Lane,33,7,231,6/15/2025,1/31/2026
730,office supplies,GigaForce 9000,Thunderbolt,Venmo,basic,456 Elm Avenue,48,160,7680,12/28/2025,3/20/2026
731,beauty products,UltimateGizmo 3000,Evergreen,credit card,premium,123 Main Street,39,471,18369,7/22/2025,4/20/2026
732,pet supplies,UltimaTech 5000,Evergreen,credit card,premium,456 Elm Avenue,40,265,10600,5/10/2026,2/20/2026
733,office supplies,MegaTech Pro,Evergreen,credit card,VIP,456 Elm Avenue,29,420,12180,12/13/2025,11/29/2025
734,kitchen appliances,GigaForce 9000,Starlight,Venmo,VIP,123 Main Street,76,172,13072,1/25/2026,4/17/2026
735,outdoor gear,PowerGadget 500,Thunderbolt,credit card,VIP,123 Main Street,86,474,40764,4/25/2026,6/30/2025
736,sports equipment,GigaMax Pro,Evergreen,Venmo,VIP,789 Oak Lane,2,374,748,10/24/2025,7/25/2025
737,sports equipment,TechNova Pro,Thunderbolt,Venmo,basic,456 Elm Avenue,54,143,7722,6/3/2025,4/30/2026
738,pet supplies,MegaTech Pro,Silverstone,Venmo,premium,789 Oak Lane,24,13,312,6/9/2025,3/29/2026
739,office supplies,MegaTech Pro,Silverstone,credit card,basic,456 Elm Avenue,7,182,1274,2/14/2026,7/15/2025
740,office supplies,UltraGadget X,Silverstone,Venmo,VIP,123 Main Street,66,393,25938,5/1/2026,4/14/2026
741,electronics,UltraForce 2000,Acme,PayPal,basic,789 Oak Lane,99,326,32274,11/26/2025,5/5/2026
742,home decor,UltraGadget X,Thunderbolt,Venmo,premium,789 Oak Lane,98,42,4116,7/29/2025,12/14/2025
743,toys,GigaForce 9000,Thunderbolt,credit card,premium,456 Elm Avenue,29,338,9802,7/8/2025,1/29/2026
744,clothing,TechMaster 3000,Starlight,Venmo,premium,456 Elm Avenue,45,168,7560,1/19/2026,2/19/2026
745,toys,PowerGadget 500,Evergreen,credit card,basic,456 Elm Avenue,12,22,264,5/30/2025,6/17/2025
746,home decor,MegaDrive X10,Silverstone,credit card,VIP,456 Elm Avenue,36,177,6372,2/14/2026,5/1/2026
747,electronics,GigaMaster 100,Starlight,Venmo,VIP,789 Oak Lane,31,136,4216,3/10/2026,2/9/2026
748,office supplies,SuperSpeed X,Acme,PayPal,VIP,789 Oak Lane,30,473,14190,12/26/2025,8/5/2025
749,kitchen appliances,SuperTech Pro 2000,Starlight,PayPal,VIP,789 Oak Lane,5,388,1940,10/20/2025,8/14/2025
750,toys,SuperTech Pro 2000,Silverstone,PayPal,premium,789 Oak Lane,7,273,1911,10/15/2025,8/28/2025
751,toys,PowerTech 200,Evergreen,Venmo,basic,123 Main Street,82,416,34112,8/12/2025,4/7/2026
752,toys,GigaForce 9000,Acme,PayPal,premium,789 Oak Lane,49,341,16709,6/6/2025,4/26/2026
753,electronics,MegaGizmo X10,Evergreen,credit card,basic,789 Oak Lane,83,132,10956,7/18/2025,7/12/2025
754,home decor,SuperTech Pro 2000,Thunderbolt,PayPal,premium,123 Main Street,100,122,12200,11/25/2025,11/6/2025
755,home decor,UltimateGizmo 3000,Silverstone,credit card,VIP,123 Main Street,15,229,3435,1/5/2026,4/15/2026
756,kitchen appliances,SuperTech Pro 2000,Acme,PayPal,VIP,123 Main Street,92,156,14352,7/26/2025,3/28/2026
757,pet supplies,SuperTech Pro 2000,Evergreen,credit card,basic,123 Main Street,26,393,10218,5/24/2025,2/2/2026
758,electronics,PowerTech 200,Silverstone,Venmo,premium,789 Oak Lane,92,227,20884,11/14/2025,6/7/2025
759,electronics,TechNova Pro,Silverstone,PayPal,basic,789 Oak Lane,67,214,14338,4/10/2026,11/12/2025
760,electronics,MegaGizmo X10,Evergreen,PayPal,premium,123 Main Street,4,339,1356,6/28/2025,1/6/2026
761,clothing,UltraGadget X,Starlight,PayPal,VIP,789 Oak Lane,41,134,5494,1/23/2026,2/16/2026
762,office supplies,PowerTech 200,Evergreen,credit card,basic,123 Main Street,40,136,5440,8/29/2025,2/20/2026
763,clothing,PowerTech 200,Starlight,credit card,basic,456 Elm Avenue,10,421,4210,9/30/2025,2/10/2026
764,beauty products,UltimaTech 5000,Silverstone,credit card,VIP,789 Oak Lane,76,358,27208,6/15/2025,12/21/2025
765,kitchen appliances,GigaMaster 100,Starlight,credit card,VIP,123 Main Street,1,259,259,10/26/2025,8/21/2025
766,home decor,GigaForce 9000,Thunderbolt,credit card,basic,789 Oak Lane,55,117,6435,4/19/2026,5/8/2026
767,toys,SuperNova X,Starlight,PayPal,premium,123 Main Street,82,41,3362,2/4/2026,2/1/2026
768,toys,MegaDrive X10,Thunderbolt,Venmo,premium,123 Main Street,18,220,3960,6/23/2025,11/3/2025
769,office supplies,UltimaTech 5000,Starlight,credit card,premium,123 Main Street,66,228,15048,4/1/2026,7/21/2025
770,outdoor gear,UltimaTech 5000,Starlight,credit card,premium,123 Main Street,26,106,2756,8/11/2025,8/9/2025
771,clothing,PowerGadget 500,Silverstone,PayPal,VIP,456 Elm Avenue,75,201,15075,10/29/2025,1/1/2026
772,beauty products,SuperNova X,Evergreen,Venmo,premium,789 Oak Lane,63,474,29862,3/2/2026,7/27/2025
773,pet supplies,PowerMax Pro,Starlight,Venmo,VIP,456 Elm Avenue,73,302,22046,1/9/2026,10/16/2025
774,toys,TechBlaster 1000,Evergreen,credit card,basic,123 Main Street,13,82,1066,5/23/2025,3/25/2026
775,home decor,GigaForce 9000,Evergreen,PayPal,premium,456 Elm Avenue,79,398,31442,11/28/2025,11/3/2025
776,home decor,UltraGadget X,Silverstone,Venmo,VIP,456 Elm Avenue,78,325,25350,10/25/2025,11/21/2025
777,home decor,TechNova Pro,Acme,credit card,VIP,123 Main Street,95,422,40090,7/21/2025,11/5/2025
778,office supplies,MegaTech Pro,Starlight,credit card,premium,123 Main Street,12,416,4992,8/29/2025,10/18/2025
779,electronics,SuperSpeed X,Evergreen,credit card,basic,789 Oak Lane,22,43,946,3/22/2026,10/15/2025
780,electronics,PowerMax Pro,Acme,PayPal,basic,789 Oak Lane,64,292,18688,2/26/2026,7/25/2025
781,kitchen appliances,HyperDrive 500,Starlight,credit card,basic,123 Main Street,97,438,42486,6/12/2025,12/27/2025
782,toys,PowerGadget 500,Thunderbolt,credit card,premium,789 Oak Lane,78,406,31668,11/26/2025,1/7/2026
783,clothing,GigaMaster 100,Starlight,credit card,basic,123 Main Street,15,228,3420,5/26/2025,8/11/2025
784,pet supplies,MegaGizmo X10,Acme,PayPal,VIP,789 Oak Lane,47,186,8742,4/4/2026,9/24/2025
785,outdoor gear,HyperDrive 500,Starlight,PayPal,VIP,456 Elm Avenue,88,55,4840,7/21/2025,9/15/2025
786,outdoor gear,UltraGadget X,Evergreen,Venmo,premium,789 Oak Lane,53,484,25652,1/11/2026,3/7/2026
787,home decor,GigaMax Pro,Starlight,credit card,basic,456 Elm Avenue,35,497,17395,10/1/2025,5/5/2026
788,electronics,SuperNova X,Acme,Venmo,basic,123 Main Street,37,429,15873,8/10/2025,2/5/2026
789,toys,UltraGadget X,Acme,PayPal,premium,123 Main Street,9,248,2232,4/18/2026,5/30/2025
790,home decor,GigaMax Pro,Starlight,credit card,basic,456 Elm Avenue,26,46,1196,7/26/2025,7/3/2025
791,beauty products,UltimaTech 5000,Acme,PayPal,VIP,456 Elm Avenue,8,469,3752,12/13/2025,10/10/2025
792,clothing,PowerMax Pro,Starlight,PayPal,basic,456 Elm Avenue,3,316,948,9/3/2025,3/9/2026
793,pet supplies,GigaForce 9000,Starlight,credit card,premium,456 Elm Avenue,48,238,11424,6/22/2025,11/10/2025
794,clothing,GigaMax Pro,Evergreen,credit card,VIP,456 Elm Avenue,39,463,18057,12/31/2025,11/12/2025
795,kitchen appliances,UltimateGizmo 3000,Acme,PayPal,VIP,789 Oak Lane,6,473,2838,5/21/2025,12/11/2025
796,pet supplies,TechBlaster 1000,Thunderbolt,Venmo,basic,123 Main Street,71,486,34506,5/15/2025,8/4/2025
797,pet supplies,MegaDrive X10,Thunderbolt,PayPal,premium,123 Main Street,15,352,5280,11/16/2025,6/26/2025
798,pet supplies,UltimateGizmo 3000,Starlight,PayPal,premium,789 Oak Lane,55,144,7920,8/25/2025,3/11/2026
799,clothing,UltraForce 2000,Evergreen,PayPal,basic,123 Main Street,21,78,1638,12/23/2025,7/16/2025
800,office supplies,PowerMax Pro,Thunderbolt,Venmo,basic,789 Oak Lane,60,386,23160,6/7/2025,5/3/2026
801,sports equipment,TechMaster 3000,Thunderbolt,Venmo,VIP,123 Main Street,66,75,4950,12/28/2025,5/13/2026
802,kitchen appliances,SuperNova X,Acme,credit card,premium,789 Oak Lane,11,474,5214,5/14/2025,11/23/2025
803,sports equipment,MegaTech Pro,Evergreen,Venmo,basic,456 Elm Avenue,1,118,118,10/17/2025,1/18/2026
804,outdoor gear,TechNova Pro,Evergreen,PayPal,premium,123 Main Street,9,252,2268,11/9/2025,3/29/2026
805,clothing,TechBlaster 1000,Acme,Venmo,basic,456 Elm Avenue,56,274,15344,9/26/2025,1/15/2026
806,clothing,PowerGadget 500,Acme,Venmo,premium,456 Elm Avenue,22,387,8514,9/6/2025,4/3/2026
807,outdoor gear,UltimaTech 5000,Starlight,credit card,VIP,123 Main Street,87,192,16704,7/6/2025,10/29/2025
808,pet supplies,SuperTech Pro 2000,Starlight,Venmo,VIP,789 Oak Lane,10,467,4670,10/3/2025,10/28/2025
809,electronics,GigaMax Pro,Thunderbolt,credit card,VIP,123 Main Street,2,176,352,5/31/2025,4/30/2026
810,beauty products,PowerTech 200,Thunderbolt,credit card,basic,123 Main Street,46,249,11454,10/8/2025,5/5/2026
811,electronics,MegaGizmo X10,Silverstone,credit card,VIP,123 Main Street,10,297,2970,2/25/2026,1/2/2026
812,electronics,MegaDrive X10,Silverstone,credit card,basic,123 Main Street,46,247,11362,6/18/2025,10/4/2025
813,sports equipment,PowerGadget 500,Acme,Venmo,basic,456 Elm Avenue,56,146,8176,5/17/2025,1/8/2026
814,clothing,UltraGadget X,Evergreen,credit card,premium,123 Main Street,4,217,868,5/14/2025,4/10/2026
815,sports equipment,GigaMaster 100,Acme,Venmo,premium,456 Elm Avenue,79,278,21962,5/11/2026,6/15/2025
816,electronics,UltimaTech 5000,Starlight,Venmo,VIP,123 Main Street,78,57,4446,2/17/2026,1/26/2026
817,beauty products,TechMaster 3000,Silverstone,PayPal,basic,456 Elm Avenue,97,207,20079,7/11/2025,7/13/2025
818,pet supplies,TechMaster 3000,Evergreen,PayPal,premium,789 Oak Lane,87,372,32364,7/22/2025,12/31/2025
819,office supplies,UltraGadget X,Starlight,credit card,basic,789 Oak Lane,93,52,4836,7/3/2025,7/4/2025
820,pet supplies,PowerGadget 500,Acme,credit card,premium,456 Elm Avenue,9,128,1152,12/4/2025,1/2/2026
821,clothing,MegaTech Pro,Evergreen,PayPal,basic,123 Main Street,37,155,5735,7/19/2025,10/24/2025
822,outdoor gear,MegaDrive X10,Thunderbolt,credit card,VIP,789 Oak Lane,38,242,9196,10/2/2025,9/26/2025
823,beauty products,GigaForce 9000,Silverstone,credit card,basic,456 Elm Avenue,64,393,25152,11/2/2025,9/6/2025
824,electronics,SuperNova X,Silverstone,Venmo,premium,456 Elm Avenue,100,20,2000,5/24/2025,3/9/2026
825,beauty products,GigaMaster 100,Starlight,PayPal,basic,789 Oak Lane,1,143,143,7/2/2025,9/27/2025
826,kitchen appliances,PowerMax Pro,Silverstone,Venmo,premium,456 Elm Avenue,71,202,14342,8/9/2025,11/18/2025
827,beauty products,UltimaTech 5000,Evergreen,credit card,premium,456 Elm Avenue,43,398,17114,2/14/2026,11/17/2025
828,pet supplies,UltimaTech 5000,Acme,PayPal,premium,123 Main Street,42,72,3024,9/16/2025,3/23/2026
829,sports equipment,PowerMax Pro,Starlight,credit card,basic,456 Elm Avenue,4,179,716,11/7/2025,6/26/2025
830,electronics,SuperNova X,Thunderbolt,Venmo,basic,789 Oak Lane,54,62,3348,10/2/2025,3/17/2026
831,electronics,PowerGadget 500,Starlight,Venmo,basic,789 Oak Lane,42,115,4830,9/4/2025,10/26/2025
832,office supplies,TechMaster 3000,Starlight,PayPal,VIP,123 Main Street,58,313,18154,9/2/2025,5/28/2025
833,kitchen appliances,UltimaTech 5000,Starlight,PayPal,basic,789 Oak Lane,64,363,23232,11/10/2025,9/12/2025
834,pet supplies,SuperTech Pro 2000,Silverstone,Venmo,VIP,789 Oak Lane,57,401,22857,10/14/2025,12/1/2025
835,clothing,SuperSpeed X,Starlight,Venmo,premium,456 Elm Avenue,50,17,850,5/21/2025,2/16/2026
836,pet supplies,GigaMax Pro,Evergreen,PayPal,VIP,789 Oak Lane,38,43,1634,8/19/2025,10/8/2025
837,toys,PowerMax Pro,Silverstone,Venmo,VIP,456 Elm Avenue,32,128,4096,6/11/2025,7/31/2025
838,clothing,UltimateGizmo 3000,Starlight,Venmo,VIP,789 Oak Lane,60,336,20160,11/23/2025,10/26/2025
839,toys,GigaMax Pro,Thunderbolt,PayPal,basic,456 Elm Avenue,79,87,6873,4/5/2026,11/27/2025
840,kitchen appliances,UltraForce 2000,Silverstone,credit card,basic,123 Main Street,64,189,12096,2/22/2026,8/3/2025
841,office supplies,GigaMax Pro,Acme,Venmo,VIP,123 Main Street,17,347,5899,11/26/2025,12/12/2025
842,sports equipment,MegaTech Pro,Silverstone,credit card,basic,789 Oak Lane,61,126,7686,5/14/2025,8/2/2025
843,toys,PowerMax Pro,Starlight,Venmo,basic,123 Main Street,77,204,15708,10/18/2025,5/11/2026
844,outdoor gear,MegaTech Pro,Evergreen,credit card,premium,789 Oak Lane,93,12,1116,5/4/2026,7/7/2025
845,kitchen appliances,UltraForce 2000,Evergreen,PayPal,VIP,789 Oak Lane,98,385,37730,5/6/2026,10/30/2025
846,home decor,TechNova Pro,Starlight,PayPal,VIP,123 Main Street,31,316,9796,8/23/2025,1/7/2026
847,home decor,SuperTech Pro 2000,Silverstone,PayPal,basic,789 Oak Lane,100,218,21800,3/10/2026,7/18/2025
848,pet supplies,GigaMaster 100,Acme,PayPal,premium,456 Elm Avenue,33,451,14883,12/11/2025,4/1/2026
849,home decor,HyperDrive 500,Thunderbolt,Venmo,VIP,123 Main Street,54,72,3888,9/24/2025,7/15/2025
850,sports equipment,TechNova Pro,Starlight,PayPal,VIP,789 Oak Lane,81,27,2187,10/22/2025,8/26/2025
851,beauty products,TechMaster 3000,Acme,PayPal,premium,456 Elm Avenue,14,26,364,4/29/2026,4/13/2026
852,pet supplies,PowerMax Pro,Thunderbolt,PayPal,VIP,456 Elm Avenue,18,334,6012,3/13/2026,1/6/2026
853,beauty products,UltimaTech 5000,Evergreen,Venmo,basic,789 Oak Lane,65,304,19760,2/9/2026,12/18/2025
854,electronics,TechBlaster 1000,Silverstone,PayPal,VIP,789 Oak Lane,31,318,9858,7/11/2025,6/24/2025
855,home decor,TechNova Pro,Thunderbolt,credit card,premium,123 Main Street,27,248,6696,4/23/2026,7/8/2025
856,clothing,UltimaTech 5000,Evergreen,Venmo,premium,123 Main Street,60,275,16500,6/22/2025,2/16/2026
857,home decor,TechMaster 3000,Silverstone,credit card,basic,123 Main Street,91,185,16835,10/31/2025,12/12/2025
858,pet supplies,UltraForce 2000,Evergreen,credit card,basic,456 Elm Avenue,66,376,24816,10/15/2025,5/15/2025
859,pet supplies,SuperSpeed X,Acme,Venmo,premium,456 Elm Avenue,5,457,2285,12/23/2025,10/21/2025
860,clothing,GigaMaster 100,Thunderbolt,Venmo,VIP,789 Oak Lane,1,107,107,1/16/2026,11/12/2025
861,outdoor gear,TechNova Pro,Silverstone,credit card,basic,456 Elm Avenue,10,133,1330,3/12/2026,11/14/2025
862,clothing,GigaForce 9000,Evergreen,Venmo,VIP,123 Main Street,3,77,231,4/26/2026,1/18/2026
863,kitchen appliances,HyperDrive 500,Thunderbolt,PayPal,VIP,456 Elm Avenue,88,198,17424,1/30/2026,8/19/2025
864,clothing,PowerGadget 500,Thunderbolt,PayPal,VIP,123 Main Street,86,286,24596,1/30/2026,12/7/2025
865,toys,TechMaster 3000,Silverstone,PayPal,VIP,789 Oak Lane,13,96,1248,12/6/2025,10/7/2025
866,office supplies,TechMaster 3000,Starlight,Venmo,premium,456 Elm Avenue,27,64,1728,9/10/2025,8/22/2025
867,electronics,PowerGadget 500,Starlight,Venmo,basic,789 Oak Lane,95,146,13870,4/8/2026,1/21/2026
868,kitchen appliances,UltraGadget X,Silverstone,Venmo,premium,456 Elm Avenue,39,252,9828,10/22/2025,4/27/2026
869,electronics,GigaMaster 100,Thunderbolt,Venmo,basic,123 Main Street,17,218,3706,11/4/2025,2/17/2026
870,home decor,SuperTech Pro 2000,Acme,PayPal,VIP,123 Main Street,97,241,23377,11/15/2025,7/3/2025
871,pet supplies,MegaDrive X10,Acme,PayPal,basic,789 Oak Lane,60,29,1740,9/21/2025,8/28/2025
872,home decor,UltimateGizmo 3000,Silverstone,PayPal,basic,789 Oak Lane,95,75,7125,1/28/2026,9/10/2025
873,home decor,GigaMaster 100,Evergreen,credit card,premium,789 Oak Lane,13,439,5707,9/18/2025,4/16/2026
874,office supplies,TechBlaster 1000,Evergreen,PayPal,basic,789 Oak Lane,39,83,3237,8/9/2025,6/5/2025
875,office supplies,PowerMax Pro,Starlight,credit card,VIP,123 Main Street,62,220,13640,2/18/2026,3/12/2026
876,kitchen appliances,HyperDrive 500,Thunderbolt,Venmo,basic,456 Elm Avenue,84,77,6468,9/1/2025,5/17/2025
877,kitchen appliances,TechBlaster 1000,Evergreen,Venmo,VIP,456 Elm Avenue,4,44,176,2/26/2026,1/31/2026
878,sports equipment,HyperDrive 500,Thunderbolt,credit card,premium,123 Main Street,80,316,25280,2/4/2026,10/8/2025
879,outdoor gear,GigaForce 9000,Evergreen,PayPal,premium,456 Elm Avenue,44,465,20460,11/25/2025,3/28/2026
880,electronics,TechBlaster 1000,Thunderbolt,PayPal,premium,123 Main Street,69,218,15042,12/8/2025,3/7/2026
881,home decor,SuperNova X,Starlight,Venmo,VIP,456 Elm Avenue,43,48,2064,6/24/2025,7/29/2025
882,clothing,PowerGadget 500,Evergreen,PayPal,VIP,123 Main Street,26,87,2262,1/21/2026,6/9/2025
883,clothing,GigaMaster 100,Thunderbolt,Venmo,VIP,456 Elm Avenue,36,333,11988,6/26/2025,2/8/2026
884,beauty products,UltraForce 2000,Acme,credit card,premium,456 Elm Avenue,50,91,4550,9/20/2025,5/11/2026
885,clothing,TechMaster 3000,Acme,PayPal,premium,456 Elm Avenue,55,106,5830,1/27/2026,10/8/2025
886,kitchen appliances,PowerGadget 500,Acme,credit card,premium,789 Oak Lane,90,388,34920,1/17/2026,5/19/2025
887,outdoor gear,SuperNova X,Starlight,credit card,premium,456 Elm Avenue,36,223,8028,9/8/2025,5/4/2026
888,clothing,MegaGizmo X10,Evergreen,Venmo,basic,123 Main Street,60,144,8640,1/28/2026,6/18/2025
889,pet supplies,UltraForce 2000,Evergreen,credit card,premium,123 Main Street,83,35,2905,6/1/2025,4/1/2026
890,beauty products,UltraGadget X,Acme,PayPal,premium,456 Elm Avenue,28,114,3192,2/25/2026,3/9/2026
891,home decor,UltimateGizmo 3000,Silverstone,PayPal,premium,123 Main Street,53,121,6413,12/6/2025,11/10/2025
892,pet supplies,SuperTech Pro 2000,Silverstone,PayPal,basic,123 Main Street,37,271,10027,1/26/2026,5/24/2025
893,pet supplies,MegaGizmo X10,Evergreen,credit card,basic,789 Oak Lane,77,169,13013,11/16/2025,12/6/2025
894,sports equipment,UltimateGizmo 3000,Evergreen,credit card,VIP,123 Main Street,30,410,12300,9/1/2025,10/17/2025
895,toys,TechNova Pro,Acme,credit card,VIP,456 Elm Avenue,36,64,2304,9/4/2025,4/25/2026
896,outdoor gear,TechMaster 3000,Thunderbolt,credit card,VIP,123 Main Street,64,115,7360,7/6/2025,9/23/2025
897,kitchen appliances,GigaForce 9000,Silverstone,PayPal,premium,123 Main Street,51,238,12138,9/8/2025,8/29/2025
898,toys,PowerTech 200,Starlight,credit card,basic,123 Main Street,26,482,12532,10/14/2025,9/24/2025
899,sports equipment,UltraGadget X,Starlight,PayPal,basic,123 Main Street,95,255,24225,10/6/2025,5/7/2026
900,clothing,SuperSpeed X,Thunderbolt,Venmo,premium,789 Oak Lane,4,29,116,11/12/2025,5/7/2026
901,office supplies,TechBlaster 1000,Thunderbolt,Venmo,premium,789 Oak Lane,92,280,25760,12/12/2025,3/24/2026
902,outdoor gear,SuperNova X,Silverstone,PayPal,VIP,456 Elm Avenue,94,351,32994,4/25/2026,8/21/2025
903,office supplies,SuperTech Pro 2000,Acme,credit card,premium,123 Main Street,25,45,1125,9/13/2025,7/9/2025
904,home decor,UltimateGizmo 3000,Thunderbolt,credit card,basic,789 Oak Lane,87,227,19749,3/30/2026,7/28/2025
905,outdoor gear,MegaTech Pro,Acme,Venmo,basic,456 Elm Avenue,13,236,3068,9/13/2025,4/19/2026
906,electronics,GigaForce 9000,Thunderbolt,PayPal,VIP,123 Main Street,96,361,34656,11/13/2025,3/5/2026
907,sports equipment,TechNova Pro,Starlight,Venmo,premium,123 Main Street,7,297,2079,12/5/2025,1/14/2026
908,outdoor gear,SuperTech Pro 2000,Thunderbolt,credit card,premium,789 Oak Lane,39,205,7995,12/12/2025,10/5/2025
909,electronics,PowerMax Pro,Starlight,credit card,basic,123 Main Street,61,47,2867,10/28/2025,6/4/2025
910,electronics,GigaMaster 100,Evergreen,PayPal,basic,123 Main Street,97,63,6111,6/26/2025,10/22/2025
911,kitchen appliances,PowerTech 200,Acme,Venmo,basic,789 Oak Lane,14,244,3416,10/5/2025,9/3/2025
912,office supplies,TechBlaster 1000,Evergreen,PayPal,VIP,123 Main Street,90,137,12330,10/16/2025,10/7/2025
913,pet supplies,MegaGizmo X10,Starlight,credit card,VIP,456 Elm Avenue,86,295,25370,4/11/2026,11/19/2025
914,office supplies,GigaMaster 100,Evergreen,Venmo,VIP,456 Elm Avenue,79,127,10033,9/4/2025,2/14/2026
915,beauty products,GigaMax Pro,Evergreen,credit card,VIP,123 Main Street,97,379,36763,5/14/2025,3/24/2026
916,office supplies,HyperDrive 500,Acme,Venmo,VIP,456 Elm Avenue,79,149,11771,6/26/2025,12/5/2025
917,clothing,SuperNova X,Acme,PayPal,basic,123 Main Street,75,490,36750,7/31/2025,2/6/2026
918,electronics,TechNova Pro,Acme,credit card,premium,456 Elm Avenue,37,452,16724,2/23/2026,6/19/2025
919,kitchen appliances,UltraForce 2000,Starlight,credit card,VIP,789 Oak Lane,74,408,30192,7/8/2025,6/30/2025
920,toys,GigaForce 9000,Thunderbolt,PayPal,basic,456 Elm Avenue,69,368,25392,5/10/2026,9/23/2025
921,clothing,UltimaTech 5000,Thunderbolt,PayPal,basic,456 Elm Avenue,25,20,500,11/20/2025,7/8/2025
922,beauty products,TechMaster 3000,Evergreen,credit card,basic,789 Oak Lane,69,354,24426,11/7/2025,8/21/2025
923,toys,SuperNova X,Starlight,credit card,premium,789 Oak Lane,48,382,18336,8/26/2025,10/17/2025
924,sports equipment,UltimateGizmo 3000,Evergreen,credit card,basic,789 Oak Lane,31,253,7843,6/2/2025,1/21/2026
925,toys,TechMaster 3000,Silverstone,Venmo,VIP,123 Main Street,73,416,30368,6/7/2025,3/2/2026
926,electronics,MegaDrive X10,Acme,Venmo,VIP,123 Main Street,32,498,15936,4/18/2026,2/25/2026
927,electronics,MegaGizmo X10,Acme,Venmo,premium,123 Main Street,27,62,1674,9/7/2025,10/14/2025
928,office supplies,PowerTech 200,Starlight,Venmo,basic,789 Oak Lane,53,425,22525,6/21/2025,8/14/2025
929,electronics,PowerMax Pro,Silverstone,Venmo,VIP,789 Oak Lane,71,109,7739,7/11/2025,11/4/2025
930,kitchen appliances,SuperTech Pro 2000,Thunderbolt,PayPal,premium,789 Oak Lane,93,452,42036,10/1/2025,10/16/2025
931,pet supplies,PowerMax Pro,Acme,credit card,VIP,456 Elm Avenue,55,460,25300,12/7/2025,5/12/2026
932,outdoor gear,UltraForce 2000,Thunderbolt,PayPal,VIP,789 Oak Lane,85,186,15810,6/4/2025,11/5/2025
933,office supplies,UltimateGizmo 3000,Acme,PayPal,VIP,123 Main Street,50,316,15800,11/20/2025,7/31/2025
934,clothing,PowerGadget 500,Acme,Venmo,VIP,123 Main Street,90,210,18900,8/22/2025,9/6/2025
935,kitchen appliances,UltraGadget X,Silverstone,Venmo,premium,123 Main Street,21,178,3738,8/2/2025,4/9/2026
936,sports equipment,GigaForce 9000,Evergreen,Venmo,premium,123 Main Street,40,202,8080,7/9/2025,8/3/2025
937,clothing,SuperNova X,Thunderbolt,PayPal,premium,456 Elm Avenue,38,417,15846,3/15/2026,9/6/2025
938,outdoor gear,UltimateGizmo 3000,Acme,credit card,basic,789 Oak Lane,20,325,6500,6/29/2025,8/25/2025
939,sports equipment,GigaMaster 100,Starlight,credit card,premium,456 Elm Avenue,46,386,17756,10/18/2025,7/14/2025
940,kitchen appliances,UltraGadget X,Acme,credit card,VIP,789 Oak Lane,68,73,4964,1/10/2026,1/22/2026
941,electronics,GigaMax Pro,Starlight,Venmo,premium,456 Elm Avenue,38,148,5624,2/28/2026,2/18/2026
942,toys,TechMaster 3000,Silverstone,Venmo,basic,456 Elm Avenue,49,179,8771,5/7/2026,10/14/2025
943,pet supplies,UltraForce 2000,Silverstone,Venmo,premium,456 Elm Avenue,46,304,13984,8/6/2025,10/2/2025
944,pet supplies,TechMaster 3000,Starlight,PayPal,premium,123 Main Street,98,5,490,11/3/2025,7/10/2025
945,outdoor gear,GigaMaster 100,Starlight,Venmo,basic,456 Elm Avenue,2,209,418,11/10/2025,12/19/2025
946,kitchen appliances,MegaGizmo X10,Starlight,Venmo,basic,789 Oak Lane,11,106,1166,7/7/2025,12/29/2025
947,toys,UltraGadget X,Silverstone,PayPal,VIP,123 Main Street,25,346,8650,4/11/2026,9/16/2025
948,outdoor gear,MegaGizmo X10,Evergreen,PayPal,VIP,789 Oak Lane,28,448,12544,1/6/2026,5/26/2025
949,sports equipment,TechNova Pro,Silverstone,PayPal,premium,123 Main Street,89,35,3115,1/27/2026,3/16/2026
950,clothing,UltraGadget X,Acme,Venmo,basic,789 Oak Lane,10,473,4730,5/13/2026,5/19/2025
951,clothing,UltraForce 2000,Thunderbolt,Venmo,premium,456 Elm Avenue,47,23,1081,6/1/2025,11/7/2025
952,kitchen appliances,GigaMax Pro,Evergreen,PayPal,VIP,789 Oak Lane,91,338,30758,2/27/2026,1/14/2026
953,home decor,TechBlaster 1000,Starlight,credit card,premium,123 Main Street,67,203,13601,11/13/2025,5/28/2025
954,sports equipment,GigaForce 9000,Thunderbolt,Venmo,VIP,456 Elm Avenue,35,89,3115,12/5/2025,3/11/2026
955,clothing,PowerMax Pro,Silverstone,credit card,basic,789 Oak Lane,5,496,2480,9/14/2025,9/9/2025
956,toys,UltraForce 2000,Silverstone,credit card,VIP,456 Elm Avenue,49,246,12054,10/16/2025,10/27/2025
957,clothing,GigaMaster 100,Silverstone,PayPal,VIP,123 Main Street,6,55,330,12/26/2025,4/27/2026
958,toys,UltraForce 2000,Silverstone,Venmo,basic,456 Elm Avenue,93,239,22227,1/18/2026,3/8/2026
959,home decor,SuperTech Pro 2000,Silverstone,Venmo,basic,789 Oak Lane,31,164,5084,5/8/2026,6/21/2025
960,beauty products,TechBlaster 1000,Acme,PayPal,basic,789 Oak Lane,15,76,1140,6/20/2025,4/23/2026
961,kitchen appliances,SuperTech Pro 2000,Silverstone,credit card,basic,456 Elm Avenue,56,425,23800,2/15/2026,4/4/2026
962,electronics,PowerTech 200,Thunderbolt,PayPal,basic,789 Oak Lane,86,108,9288,12/17/2025,11/27/2025
963,electronics,TechMaster 3000,Thunderbolt,Venmo,premium,789 Oak Lane,75,38,2850,4/21/2026,12/12/2025
964,kitchen appliances,PowerMax Pro,Thunderbolt,credit card,basic,789 Oak Lane,51,480,24480,5/14/2025,10/29/2025
965,beauty products,UltimaTech 5000,Starlight,credit card,premium,123 Main Street,39,325,12675,10/25/2025,8/15/2025
966,beauty products,GigaMax Pro,Starlight,credit card,premium,123 Main Street,37,364,13468,8/16/2025,7/4/2025
967,home decor,PowerMax Pro,Acme,PayPal,premium,456 Elm Avenue,28,460,12880,10/6/2025,9/7/2025
968,beauty products,PowerGadget 500,Silverstone,PayPal,basic,789 Oak Lane,24,424,10176,10/6/2025,3/9/2026
969,pet supplies,GigaForce 9000,Acme,Venmo,basic,456 Elm Avenue,27,417,11259,10/5/2025,7/9/2025
970,clothing,MegaDrive X10,Silverstone,PayPal,VIP,456 Elm Avenue,72,12,864,6/26/2025,10/6/2025
971,electronics,UltraGadget X,Silverstone,Venmo,basic,123 Main Street,25,474,11850,2/12/2026,2/23/2026
972,pet supplies,MegaDrive X10,Starlight,PayPal,basic,789 Oak Lane,57,203,11571,9/30/2025,9/7/2025
973,office supplies,GigaForce 9000,Evergreen,PayPal,premium,789 Oak Lane,83,165,13695,11/12/2025,11/24/2025
974,beauty products,UltimaTech 5000,Thunderbolt,credit card,premium,789 Oak Lane,76,390,29640,10/9/2025,11/24/2025
975,toys,TechBlaster 1000,Acme,PayPal,premium,789 Oak Lane,86,75,6450,1/24/2026,11/28/2025
976,sports equipment,MegaGizmo X10,Evergreen,credit card,VIP,789 Oak Lane,78,385,30030,7/15/2025,5/31/2025
977,kitchen appliances,UltimateGizmo 3000,Thunderbolt,credit card,VIP,456 Elm Avenue,8,349,2792,3/17/2026,3/8/2026
978,clothing,TechNova Pro,Thunderbolt,credit card,premium,789 Oak Lane,25,392,9800,10/30/2025,3/28/2026
979,office supplies,TechBlaster 1000,Starlight,Venmo,premium,123 Main Street,83,203,16849,10/20/2025,5/22/2025
980,electronics,TechBlaster 1000,Silverstone,Venmo,premium,123 Main Street,41,234,9594,7/31/2025,3/29/2026
981,clothing,GigaMaster 100,Acme,credit card,VIP,123 Main Street,88,412,36256,3/14/2026,1/21/2026
982,kitchen appliances,HyperDrive 500,Silverstone,credit card,VIP,456 Elm Avenue,33,472,15576,4/12/2026,12/8/2025
983,electronics,TechNova Pro,Silverstone,PayPal,basic,123 Main Street,44,179,7876,11/6/2025,3/19/2026
984,sports equipment,PowerMax Pro,Acme,credit card,premium,789 Oak Lane,13,221,2873,5/5/2026,6/16/2025
985,home decor,GigaMax Pro,Acme,credit card,basic,123 Main Street,49,173,8477,9/13/2025,1/2/2026
986,toys,GigaMaster 100,Silverstone,Venmo,basic,789 Oak Lane,23,199,4577,10/6/2025,7/2/2025
987,pet supplies,TechMaster 3000,Silverstone,Venmo,basic,123 Main Street,9,92,828,2/12/2026,4/6/2026
988,office supplies,GigaMaster 100,Thunderbolt,PayPal,basic,456 Elm Avenue,60,480,28800,4/5/2026,12/15/2025
989,electronics,UltraGadget X,Thunderbolt,Venmo,VIP,456 Elm Avenue,68,188,12784,9/21/2025,1/5/2026
990,kitchen appliances,PowerMax Pro,Acme,credit card,premium,456 Elm Avenue,12,64,768,8/4/2025,6/9/2025
991,toys,TechBlaster 1000,Starlight,credit card,VIP,456 Elm Avenue,59,493,29087,7/14/2025,12/3/2025
992,beauty products,MegaTech Pro,Thunderbolt,PayPal,basic,123 Main Street,77,103,7931,2/1/2026,1/24/2026
993,kitchen appliances,MegaDrive X10,Silverstone,credit card,VIP,456 Elm Avenue,31,239,7409,11/22/2025,6/29/2025
994,office supplies,MegaTech Pro,Thunderbolt,credit card,basic,456 Elm Avenue,9,224,2016,12/19/2025,4/13/2026
995,clothing,TechBlaster 1000,Acme,PayPal,premium,123 Main Street,62,314,19468,5/18/2025,8/30/2025
996,beauty products,MegaDrive X10,Silverstone,credit card,basic,123 Main Street,100,250,25000,2/15/2026,10/14/2025
997,home decor,TechNova Pro,Starlight,Venmo,basic,789 Oak Lane,75,464,34800,3/18/2026,7/27/2025
998,kitchen appliances,PowerMax Pro,Thunderbolt,credit card,premium,456 Elm Avenue,100,442,44200,10/11/2025,10/9/2025
999,beauty products,UltimaTech 5000,Acme,credit card,basic,789 Oak Lane,78,316,24648,3/28/2026,9/22/2025
1000,beauty products,TechBlaster 1000,Acme,PayPal,VIP,456 Elm Avenue,82,171,14022,3/5/2026,11/5/2025
